memory_initialization_radix = 16;
memory_initialization_vector =
25504446,
2d312e35,
0a25bff7,
a2fe0a39,
39352030,
206f626a,
0a3c3c20,
2f4c696e,
65617269,
7a656420,
31202f4c,
20353737,
32343320,
2f48205b,
20343837,
35203934,
37205d20,
2f4f2039,
3939202f,
45203730,
36313320,
2f4e2031,
3338202f,
54203537,
31303031,
203e3e0a,
656e646f,
626a0a20,
20202020,
20202020,
20202020,
20202020,
20202020,
20202020,
20202020,
20202020,
20202020,
20202020,
20202020,
20202020,
20202020,
20202020,
20202020,
20202020,
20202020,
20202020,
20202020,
20202020,
20202020,
20202020,
20202020,
20202020,
20202020,
2020200a,
39393620,
30206f62,
6a0a3c3c,
202f5479,
7065202f,
58526566,
202f4c65,
6e677468,
20313135,
202f4669,
6c746572,
202f466c,
61746544,
65636f64,
65202f44,
65636f64,
65506172,
6d73203c,
3c202f43,
6f6c756d,
6e732035,
202f5072,
65646963,
746f7220,
3132203e,
3e202f57,
205b2031,
20332031,
205d202f,
496e6465,
78205b20,
39393520,
36303020,
5d202f49,
6e666f20,
32393620,
30205220,
2f526f6f,
74203939,
37203020,
52202f53,
697a6520,
31353935,
202f5072,
65762035,
37313030,
32202020,
20202020,
20202020,
20202020,
202f4944,
205b3c65,
38333133,
35633330,
33623561,
37353439,
39643466,
32353737,
34393365,
6539343e,
3c353962,
31666632,
32626230,
39643563,
34626630,
34373131,
65663665,
62643732,
623e5d20,
3e3e0a73,
74726561,
6d0a789c,
edd2a10d,
80401004,
c0bd0712,
f202922f,
881aa801,
4d193480,
44804060,
11544143,
58e04ee3,
9f7cd64c,
2e27362b,
d60950c3,
0138d5b0,
ab32a8d9,
61f7a83a,
aff68dda,
da3f746a,
59a9c562,
e6afe22f,
38b93159,
2684d26f,
658bdf81,
a6a7ccf1,
3bd0f4e4,
ae287745,
ffa3acf1,
3bd0b47c,
00558813,
090a656e,
64737472,
65616d0a,
656e646f,
626a0a20,
20202020,
20202020,
20202020,
20202020,
20202020,
20202020,
20202020,
20202020,
20202020,
20202020,
20202020,
20202020,
20202020,
20202020,
20202020,
20202020,
20202020,
20202020,
20202020,
20202020,
20202020,
20202020,
20202020,
20202020,
20202020,
20202020,
20202020,
20202020,
20202020,
20202020,
20202020,
20202020,
20202020,
20202020,
20202020,
20202020,
20202020,
20202020,
20202020,
20202020,
20202020,
20202020,
20202020,
20202020,
20202020,
20202020,
20202020,
20202020,
20202020,
20202020,
20202020,
20202020,
20202020,
20202020,
20202020,
20202020,
20202020,
20202020,
20202020,
20202020,
20202020,
20202020,
20202020,
20202020,
20202020,
20202020,
20202020,
20202020,
20202020,
20202020,
20202020,
20202020,
20202020,
20202020,
20202020,
20202020,
20202020,
20202020,
20202020,
20202020,
20202020,
20202020,
20202020,
20202020,
20202020,
20202020,
20202020,
20202020,
20202020,
20202020,
20202020,
20202020,
20202020,
20202020,
20202020,
20202020,
20202020,
20202020,
20202020,
20202020,
20202020,
20202020,
20202020,
20202020,
20202020,
20202020,
20202020,
20202020,
20202020,
20202020,
20202020,
20202020,
20202020,
20202020,
20202020,
20202020,
20202020,
20202020,
20202020,
20202020,
20202020,
20202020,
20202020,
20202020,
20202020,
20202020,
20202020,
20202020,
20202020,
20202020,
20202020,
20202020,
20202020,
20202020,
20202020,
20202020,
20202020,
20202020,
20202020,
20202020,
20202020,
20202020,
20202020,
20202020,
20202020,
20202020,
20202020,
20202020,
20202020,
20202020,
20202020,
20202020,
20202020,
20202020,
20202020,
20202020,
20202020,
20202020,
20202020,
20202020,
20202020,
20202020,
20202020,
20202020,
20202020,
20202020,
20202020,
20202020,
20202020,
20202020,
20202020,
20202020,
20202020,
20202020,
20202020,
20202020,
20202020,
20202020,
20202020,
20202020,
20202020,
20202020,
20202020,
20202020,
20202020,
20202020,
20202020,
20202020,
20202020,
20202020,
20202020,
20202020,
20202020,
20202020,
20202020,
20202020,
20202020,
20202020,
20202020,
20202020,
20202020,
20202020,
20202020,
20202020,
20202020,
20202020,
20202020,
20202020,
20202020,
20202020,
20202020,
20202020,
20202020,
20202020,
20202020,
20202020,
20202020,
20202020,
20202020,
20202020,
20202020,
20202020,
20202020,
20202020,
20202020,
20202020,
20202020,
20202020,
20202020,
20202020,
20202020,
20202020,
20202020,
20202020,
20202020,
20202020,
20202020,
20202020,
20202020,
20202020,
20202020,
20202020,
20202020,
20202020,
20202020,
20202020,
20202020,
20202020,
20202020,
20202020,
20202020,
20202020,
20202020,
20202020,
20202020,
20202020,
20202020,
20202020,
20202020,
20202020,
20202020,
20202020,
20202020,
20202020,
20202020,
20202020,
20202020,
20202020,
20202020,
20202020,
20202020,
20202020,
20202020,
20202020,
20202020,
20202020,
20202020,
20202020,
20202020,
20202020,
20202020,
20202020,
20202020,
20202020,
20202020,
20202020,
20202020,
20202020,
20202020,
20202020,
20202020,
20202020,
20202020,
20202020,
20202020,
20202020,
20202020,
20202020,
20202020,
20202020,
20202020,
20202020,
20202020,
20202020,
20202020,
20202020,
20202020,
20202020,
20202020,
20202020,
20202020,
20202020,
20202020,
20202020,
20202020,
20202020,
20202020,
20202020,
20202020,
20202020,
20202020,
20202020,
20202020,
20202020,
20202020,
20202020,
20202020,
20202020,
20202020,
20202020,
20202020,
20202020,
20202020,
20202020,
20202020,
20202020,
20202020,
20202020,
20202020,
20202020,
20202020,
20202020,
20202020,
20202020,
20202020,
20202020,
20202020,
20202020,
20202020,
20202020,
20202020,
20202020,
20202020,
20202020,
20202020,
20202020,
20202020,
20202020,
20202020,
20202020,
20202020,
20202020,
20202020,
20202020,
20202020,
20202020,
20202020,
20202020,
20202020,
20202020,
20202020,
20202020,
20202020,
20202020,
20202020,
20202020,
20202020,
20202020,
20202020,
20202020,
20202020,
20202020,
20202020,
20202020,
20202020,
20202020,
20202020,
20202020,
20202020,
20202020,
20202020,
20202020,
20202020,
20202020,
20202020,
20202020,
20202020,
20202020,
20202020,
20202020,
20202020,
20202020,
20202020,
20202020,
20202020,
20202020,
20202020,
20202020,
20202020,
20202020,
20202020,
20202020,
20202020,
20202020,
20202020,
20202020,
20202020,
20202020,
20202020,
20202020,
20202020,
20202020,
20202020,
20202020,
20202020,
20202020,
20202020,
20202020,
20202020,
20202020,
20202020,
20202020,
20202020,
20202020,
20202020,
20202020,
20202020,
20202020,
20202020,
20202020,
20202020,
20202020,
20202020,
20202020,
20202020,
20202020,
20202020,
20202020,
20202020,
20202020,
20202020,
20202020,
20202020,
20202020,
20202020,
20202020,
20202020,
20202020,
20202020,
20202020,
20202020,
20202020,
20202020,
20202020,
20202020,
20202020,
20202020,
20202020,
20202020,
20202020,
20202020,
20202020,
20202020,
20202020,
20202020,
20202020,
20202020,
20202020,
20202020,
20202020,
20202020,
20202020,
20202020,
20202020,
20202020,
20202020,
20202020,
20202020,
20202020,
20202020,
20202020,
20202020,
20202020,
20202020,
20202020,
20202020,
20202020,
20202020,
20202020,
20202020,
20202020,
20202020,
20202020,
20202020,
20202020,
20202020,
20202020,
20202020,
20202020,
20202020,
20202020,
20202020,
20202020,
20202020,
20202020,
20202020,
20202020,
20202020,
20202020,
20202020,
20202020,
20202020,
20202020,
20202020,
20202020,
20202020,
20202020,
20202020,
20202020,
20202020,
20202020,
20202020,
20202020,
20202020,
20202020,
20202020,
20202020,
20202020,
20202020,
20202020,
20202020,
20202020,
20202020,
20202020,
20202020,
20202020,
20202020,
20202020,
20202020,
20202020,
20202020,
20202020,
20202020,
20202020,
20202020,
20202020,
20202020,
20202020,
20202020,
20202020,
20202020,
20202020,
20202020,
20202020,
20202020,
20202020,
20202020,
20202020,
20202020,
20202020,
20202020,
20202020,
20202020,
20202020,
20202020,
20202020,
20202020,
20202020,
20202020,
20202020,
20202020,
20202020,
20202020,
20202020,
20202020,
20202020,
20202020,
20202020,
20202020,
20202020,
20202020,
20202020,
20202020,
20202020,
20202020,
20202020,
20202020,
20202020,
20202020,
20202020,
20202020,
20202020,
20202020,
20202020,
20202020,
20202020,
20202020,
20202020,
20202020,
20202020,
20202020,
20202020,
20202020,
20202020,
20202020,
20202020,
20202020,
20202020,
20202020,
20202020,
20202020,
20202020,
20202020,
20202020,
20202020,
20202020,
20202020,
20202020,
20202020,
20202020,
20202020,
20202020,
20202020,
20202020,
20202020,
20202020,
20202020,
20202020,
20202020,
20202020,
20202020,
20202020,
20202020,
20202020,
20202020,
20202020,
20202020,
20202020,
20202020,
20202020,
20202020,
20202020,
20202020,
20202020,
20202020,
20202020,
20202020,
20202020,
20202020,
20202020,
20202020,
20202020,
20202020,
20202020,
20202020,
20202020,
20202020,
20202020,
20202020,
20202020,
20202020,
20202020,
20202020,
20202020,
20202020,
20202020,
20202020,
20202020,
20202020,
20202020,
20202020,
20202020,
20202020,
20202020,
20202020,
20202020,
20202020,
20202020,
20202020,
20202020,
20202020,
20202020,
20202020,
20202020,
20202020,
20202020,
20202020,
20202020,
20202020,
20202020,
20202020,
20202020,
20202020,
20202020,
20202020,
20202020,
20202020,
20202020,
20202020,
20202020,
20202020,
20202020,
20202020,
20202020,
20202020,
20202020,
20202020,
20202020,
20202020,
20202020,
20202020,
20202020,
20202020,
20202020,
20202020,
20202020,
20202020,
20202020,
20202020,
20202020,
20202020,
20202020,
20202020,
20202020,
20202020,
20202020,
20202020,
20202020,
20202020,
20202020,
20202020,
20202020,
20202020,
20202020,
20202020,
20202020,
20202020,
20202020,
20202020,
20202020,
20202020,
20202020,
20202020,
20202020,
20202020,
20202020,
20202020,
20202020,
20202020,
20202020,
20202020,
20202020,
20202020,
20202020,
20202020,
20202020,
20202020,
20202020,
20202020,
20202020,
20202020,
20202020,
20202020,
20202020,
20202020,
20202020,
20202020,
20202020,
20202020,
20202020,
20202020,
20202020,
20202020,
20202020,
20202020,
20202020,
20202020,
20202020,
20202020,
20202020,
20202020,
20202020,
20202020,
20202020,
20202020,
20202020,
20202020,
20202020,
20202020,
20202020,
20202020,
20202020,
20202020,
20202020,
20202020,
20202020,
20202020,
20202020,
20202020,
20202020,
20202020,
20202020,
20202020,
20202020,
20202020,
20202020,
20202020,
20202020,
20202020,
20202020,
20202020,
20202020,
20202020,
20202020,
20202020,
20202020,
20202020,
20202020,
20202020,
20202020,
20202020,
20202020,
20202020,
20202020,
20202020,
20202020,
20202020,
20202020,
20202020,
20202020,
20202020,
20202020,
20202020,
20202020,
20202020,
20202020,
20202020,
20202020,
20202020,
20202020,
20202020,
20202020,
20202020,
20202020,
20202020,
20202020,
20202020,
20202020,
20202020,
20202020,
20202020,
20202020,
20202020,
20202020,
20202020,
20202020,
20202020,
20202020,
20202020,
20202020,
20202020,
20202020,
20202020,
20202020,
20202020,
20202020,
20202020,
20202020,
20202020,
20202020,
20202020,
20202020,
20202020,
20202020,
20202020,
20202020,
20202020,
20202020,
20202020,
20202020,
20202020,
20202020,
20202020,
20202020,
20202020,
20202020,
20202020,
20202020,
20202020,
20202020,
20202020,
20202020,
20202020,
20202020,
20202020,
20202020,
20202020,
20202020,
20202020,
20202020,
20202020,
20202020,
20202020,
20202020,
20202020,
20202020,
20202020,
20202020,
20202020,
20202020,
20202020,
20202020,
20202020,
20202020,
20202020,
20202020,
20202020,
20202020,
20202020,
20202020,
20202020,
20202020,
20202020,
20202020,
20202020,
20202020,
20202020,
20202020,
20202020,
20202020,
20202020,
20202020,
20202020,
20202020,
20202020,
20202020,
20202020,
20202020,
20202020,
20202020,
20202020,
20202020,
20202020,
20202020,
20202020,
20202020,
20202020,
20202020,
20202020,
20202020,
20202020,
20202020,
20202020,
20202020,
20202020,
20202020,
20202020,
20202020,
20202020,
20202020,
20202020,
20202020,
20202020,
20202020,
20202020,
20202020,
20202020,
20202020,
20202020,
20202020,
20202020,
20202020,
20202020,
20202020,
20202020,
20202020,
20202020,
20202020,
20202020,
20202020,
20202020,
20202020,
20202020,
20202020,
20202020,
20202020,
20202020,
20202020,
20202020,
20202020,
20202020,
20202020,
20202020,
20202020,
20202020,
20202020,
20202020,
20202020,
20202020,
20202020,
20202020,
20202020,
20202020,
20202020,
20202020,
20202020,
20202020,
20202020,
20202020,
20202020,
20202020,
20202020,
20202020,
20202020,
20202020,
20202020,
20200a39,
39372030,
206f626a,
0a3c3c20,
2f4e616d,
65732039,
39342030,
2052202f,
4f70656e,
41637469,
6f6e2031,
34313220,
30205220,
2f4f7574,
6c696e65,
73203131,
39392030,
2052202f,
50616765,
4d6f6465,
202f5573,
654f7574,
6c696e65,
73202f50,
61676573,
20313139,
38203020,
52202f54,
79706520,
2f436174,
616c6f67,
203e3e0a,
656e646f,
626a0a39,
39382030,
206f626a,
0a3c3c20,
2f46696c,
74657220,
2f466c61,
74654465,
636f6465,
202f5320,
31333232,
202f4f20,
31343038,
202f4c65,
6e677468,
20383537,
203e3e0a,
73747265,
616d0a78,
9ced94fd,
4f535718,
c74f7b9e,
e7dc7b21,
4e2cc6a8,
53a34daf,
aed5040d,
be60c588,
49cd6c51,
26b69555,
f17581ba,
2c1b3250,
d7cc97a2,
f8521598,
376d2a2a,
6e922141,
b36e211a,
75592441,
53ca2fa8,
90851f8c,
516917b2,
6062286e,
19e812cf,
bd801a35,
8b7fc09e,
e47ecf73,
cef379be,
37b937e7,
2184e809,
494f2540,
880e481a,
19092d07,
823c053f,
79af48fb,
cfeaf374,
9aa11bc0,
76613bcc,
023fbd29,
7c4888b8,
5f1a2bd1,
d44992cc,
f6a10ba3,
f8a55822,
a68a2c65,
9fb4508a,
a5d85296,
4a223b00,
7fd341ac,
81244b0a,
9b7007fe,
0b4fd812,
0618c454,
ac843e26,
b195900b,
bdf83d44,
e0306ec4,
a728438f,
90895e9c,
420e22c1,
a3b88de5,
6018834c,
66abb08b,
adc712e6,
c767d8c9,
aa581af3,
a1c05618,
eee36f74,
1ea1828f,
350b5f89,
46e10afe,
23b60851,
d14328db,
2616a185,
5018820f,
e85dba1f,
7a690774,
d24dfaf3,
b40ceae9,
259d8700,
4b4751ff,
072ca3bf,
ea4cfa38,
5da3bf4f,
6350007e,
a8800330,
8446b0c1,
31dc0c61,
a8843990,
8d396c0f,
6dd07543,
0bda5cee,
4cef379e,
da534703,
4d01be9c,
aa7d159e,
d12470a4,
2cbcdb79,
a4ec5367,
71f1ae5d,
c5decf8a,
dd2ef73a,
378f229b,
cdbd60b9,
bc7aba52,
2f5966d8,
42e3edf9,
b65056bd,
e36cfe47,
f53c9b1d,
529c17ca,
9b1de5dd,
13ec6bbb,
db26d89d,
c74d8db9,
bd851ed9,
bad9dad3,
6eee1ce4,
85bc70c7,
b5664738,
caa5fc46,
d6eb128e,
ee8c1a9c,
0dfd75a5,
95c13ff7,
784ff0de,
b826855b,
65c72f4a,
5dc670a1,
ef8466ba,
55358d4b,
e62e55b8,
f344eeac,
49c7b556,
eea7590d,
44e6bed9,
f6b96c5d,
3718b7ab,
1d9335b8,
53831515,
9eafc13f,
aa70d528,
ccdff12e,
b8e4dcdb,
f0acdccb,
afceaab5,
b352cd20,
a01a4cd1,
0c7a5483,
36836a90,
a5c1b7de,
071e88bc,
845feb50,
65b5ba8d,
64077db2,
b5c01a6f,
377715fa,
e4557d35,
6a215137,
3f999f08,
65549572,
a9ce0e5e,
e96f546a,
4c4d05fc,
1fed6c53,
5cf7da3f,
565c3f4f,
b33bb379,
47124299,
3183abe3,
bade519b,
902cdec2,
8a9767b7,
a773846f,
fbbe3335,
45728215,
fcfb4168,
112f24ec,
96af4da1,
c506e749,
53534c19,
d92e8829,
a7470b8e,
b30139cf,
a6341aed,
23c803c9,
525219ca,
b23b87a5,
e1afd6bc,
d38fccad,
6b871efe,
7f59dfbe,
ac7c268e,
2770ac9f,
cfb214fe,
4cd5a6da,
4975eae9,
7c5ffcf4,
8971dc5d,
612f8c81,
32a9686c,
52bc0abf,
c34cda48,
5be007b8,
4813876a,
8dbbabf7,
96ce5b9c,
b9c1f3ed,
c0ca3369,
ee2d77fc,
97860723,
7d4c487c,
90277cd6,
ce31bf00,
fecfe3c1,
0a656e64,
73747265,
616d0a65,
6e646f62,
6a0a3939,
39203020,
6f626a0a,
3c3c202f,
416e6e6f,
7473205b,
20313431,
33203020,
52205d20,
2f436f6e,
74656e74,
73203130,
10000000,
0F000000,
0E000000,
0D000000,
0C000000,
0B000000,
0A000000,
09000000,
08000000,
07000000,
06000000,
05000000,
04000000,
03000000,
02000000,
01000000,
FFFFFFFF,
FEFFFFFF,
FDFFFFFF,
FCFFFFFF,
FBFFFFFF,
FAFFFFFF,
F9FFFFFF,
F8FFFFFF,
F7FFFFFF,
F5FFFFFF,
F6FFFFFF,
F4FFFFFF,
F3FFFFFF,
F2FFFFFF,
F1FFFFFF,
F0FFFFFF,
65636f64,
65202f4c,
656e6774,
68203434,
37203e3e,
0a737472,
65616d0a,
789c9593,
4d8fd340,
0c86eff9,
15be911c,
62663cdf,
9cb60ba5,
74d945cb,
2620a1aa,
87d0a421,
a2692014,
10ff9e99,
4c161014,
242e71e4,
f16bbff3,
58c3a005,
06ab84fd,
163f26dc,
47061c38,
1728ac06,
430e25d3,
b0eb9370,
20b445c5,
2470544e,
c2d8c03e,
79795665,
50731154,
9b2d83da,
1f5e0143,
e12c7c9d,
4afb1f9d,
181ca0f0,
4d2ecbe4,
e1537240,
128d351c,
ca3d7043,
4824401b,
86963494,
356cd2bb,
75f1387f,
9de5c2d8,
745114cb,
9bcbebcc,
daf44db6,
2daf406a,
d45a402e,
145aada2,
e07af162,
f56a9191,
4b57cba9,
28570a39,
23c8a541,
f20ea6aa,
db31234a,
8776acfa,
be1963fb,
9beaf8b9,
3a4c1a27,
511a3937,
9e9ddc86,
b9d59869,
9d9ea260,
1d6a9365,
79868822,
8dceaaff,
2172ae89,
f0dccd3f,
9771cf91,
73744ad1,
c4510824,
69411a8e,
c651745f,
375f9ac3,
f0a1a9a3,
f5b7df1e,
65b97432,
2d9e2d9e,
97eb987c,
126bfae6,
385fb06c,
aa3efe5d,
c4d065b9,
c7d69de6,
ec036213,
2e1eb6e8,
c2223c37,
c1e3c44f,
efaaf7a7,
0e878974,
8bdd3194,
4e5e1d3a,
1df6bb87,
dcaf9a29,
e585d6f8,
0e33e9dd,
e00d6893,
5641b93b,
dd3b08b0,
1992f598,
908cf25f,
e9098f2d,
fc99bc5b,
792adec8,
cf49ca20,
d7e429fe,
e26d530f,
a76de76f,
b3b9d8b6,
7dd51da6,
c46ee8e3,
a8bf3c1a,
bfefef1c,
91c2d20a,
656e6473,
74726561,
6d0a656e,
646f626a,
0a313030,
31203020,
6f626a0a,
3c3c202f,
46696c74,
6572202f,
466c6174,
65446563,
6f646520,
2f4c656e,
67746831,
20323334,
32202f4c,
656e6774,
68322032,
36313933,
202f4c65,
6e677468,
33203020,
2f4c656e,
67746820,
32373539,
33203e3e,
0a737472,
65616d0a,
789cb478,
7378dddb,
d66e6cdb,
59311a9b,
8d6ddb59,
b16da7b1,
6d1b8ddb,
c66663a7,
5163bb31,
6ebaf777,
4ef739f7,
bb7fde27,
4fb2f20e,
ccf79d63,
8e317f6b,
2d0a1245,
157a2153,
7b63a0b8,
bd9d0b3d,
3303130f,
40564ed9,
ded6c84e,
c4c8c199,
99895e19,
68ee6a63,
e4046061,
60626283,
a3a01071,
021ab958,
dadb891a,
b9007900,
9c2e1600,
051397f7,
fcf70826,
266e380a,
8004d00e,
e8f4ee34,
05187b02,
e4802e46,
aa9e0e40,
6600b5d1,
5f40d1de,
d985ded8,
c8f9dd0d,
b433b7b4,
03d2bca7,
88d83b78,
3a599a5b,
b8fc5e83,
959efef7,
4abfb385,
1900d246,
26d6f6ee,
ced69600,
233b5380,
34831c03,
40dedefd,
dd6809a0,
b6b70318,
032d8c6c,
cc00f666,
0055a026,
404d454c,
590520a1,
aca0a6a8,
42c3f0be,
b08aab83,
83bdd3ff,
68115151,
5593a003,
880ac9ab,
8a0180ea,
74000935,
15d5df7f,
558176ef,
facde900,
f2aaeffe,
df3cef81,
bfd3e5c4,
548554b5,
14c59819,
7fef01c0,
0c70033a,
395bfea6,
fd2f6d94,
efca007f,
a4bda79a,
39d9dbfe,
4500a0b6,
707171e0,
61647477,
77673077,
757661b0,
77326770,
b0f94b9f,
aa85a533,
c0dddec9,
1af0feea,
04b401fe,
5518573b,
d3f772ba,
5800ff5e,
e0f7c900,
642d4d80,
76cec0df,
49e2f67f,
3b6ddf4b,
f99ef46e,
77f9b7b0,
f742b8fc,
5ed3e6ef,
70803310,
f81f3416,
46ce7fe5,
ca2a2aca,
026c8d2c,
ed5c8076,
467626ef,
812e462e,
aece00c3,
bf6cefbf,
4053aabf,
05020122,
ae4e4ebf,
39e4fee5,
72fa37cd,
bfa40bdb,
bfef4cd7,
c6dbd7c8,
fdbf4fcc,
c8ced5d9,
eb1fb5f9,
cf6d9bd8,
db395b3a,
bb38ffbd,
22106066,
6903fcad,
def9f799,
59dafd65,
93139297,
12175351,
a5977d6f,
3c3b7a39,
fbf7ead8,
31b878b8,
fc15fd7b,
3d215159,
1e001713,
0780999b,
0dc0f4de,
a46276a6,
22f6b6b6,
efaa9de1,
7e974fd4,
f2bd4e2e,
f64e9e8c,
ff7b735b,
dbd9bbdb,
79ff3f9c,
669676a6,
66bfcfc0,
d4d58151,
cdced2d1,
152825fa,
3f29ef26,
b83f3673,
a00b8009,
00740400,
3d4c2c18,
7f13ffd5,
37bfcdcc,
bfcdef05,
f1f576b0,
77009819,
d938037d,
2dcd80ef,
2f70dece,
466e4080,
8b932bd0,
d7fb9f8e,
ff4470cc,
9c00534b,
1397f796,
7f1f1bb8,
bf5697b2,
33b30770,
ff6d7e57,
f22fd7ff,
3403f55f,
234bf33e,
afa6f676,
369e0053,
a0191ca3,
bcbdcb7b,
6b50ffff,
99b8ffe2,
1277b5b1,
9137b205,
52ffaf75,
fdef6023,
5b4b1bcf,
ff3bfcbf,
c23480bf,
5553cbdb,
3bd91ad9,
fc97cfd2,
59dcd203,
68aa68e9,
6262f177,
89ffb64b,
b918bdcf,
83909db9,
0df0fd78,
fe32a9fd,
1e319bf7,
5e7ebf8f,
2c7f5f67,
007a6636,
8efff2bd,
b7a989b5,
1dd0d919,
c0f6771a,
f0bd20ff,
a5fafd14,
7e6b0630,
2a2b6968,
8b297df8,
df5be8af,
58313b13,
7b534b3b,
73000b3b,
07c0c8c9,
c9c8138e,
e9bd2f58,
d8d901de,
ccefcd6e,
0af4f8ab,
71008c0c,
76f62eef,
29000757,
175f8099,
bd13dcef,
c3e56007,
300afd36,
fd8d3800,
8cc27f10,
278051e4,
0fe20230,
8afe41dc,
0046b17f,
234e6600,
a3c41fc4,
026094fc,
8358018c,
527fd03b,
9fcc1ff4,
ce27fb07,
bdf3c9fd,
41ef7cf2,
ff465c4c,
0046c53f,
e89d41f9,
0f7a6750,
f983d800,
8caa7fd0,
3b9fda1f,
f4cea7fe,
07bdef41,
ebdf88fb,
9ddde8cf,
fede5731,
72f9e37c,
1763fc07,
bd279afc,
1bb1bffb,
4cec6dde,
4ffb5f16,
66a677b5,
a6ff80ef,
e501fe03,
beeb35ff,
077ca7b2,
f837647b,
176ce1e9,
6001fce7,
72ef36cb,
7fc077a5,
d6ff80ef,
fc36ff80,
efe26cff,
40e67729,
ff588af9,
5d8afd3f,
e07b211d,
fe70bf97,
c701e864,
69ff0fed,
bf6d8eae,
f62ec0bf,
07fb4fe6,
bb6aa77f,
c07789ce,
ff80ef59,
7f82d9df,
35b8b8ff,
93f67d07,
aeff80ef,
3b70fb03,
59de357a,
fe11f5ee,
f4023afd,
9dfd9f73,
a2f8fbd9,
f1d765c8,
f46770fe,
e7a1fa17,
567171b2,
b7066a58,
9abebfa1,
f847889c,
918b93a5,
870ed3fb,
4dc6fc6e,
7ffff9d7,
7f7aff41,
40f1e712,
fe47b6b0,
b0bd8737,
3d1b3707,
809e85fb,
7dd6d8df,
53dfcbcc,
e4fb1fb9,
267f3fdf,
feba45df,
27fc5ff8,
f7c30500,
047a004d,
e09617ec,
4d7843ac,
d25a3e55,
f889154d,
55425270,
339c5463,
7dd4944e,
8058ce9c,
6ac7c711,
cddf2205,
0a14077e,
0dc8a22c,
b69795e4,
d1f34b09,
b42bd5a4,
08c1b479,
5dff965c,
337963aa,
24b86de4,
27e7878f,
24263496,
a7cea016,
9425b714,
50d9494a,
73289d57,
a855c636,
93d59ad0,
4a04501b,
3b12e16e,
ef7a8861,
997843bd,
4a25d5ad,
6c5d2d80,
742f9963,
fe82e164,
83e6b184,
82d781bf,
34d501ea,
f2f68011,
176dd42b,
b44c3b6b,
58f8096b,
4c1acaa1,
a70b7d07,
34bae423,
53cab9f6,
cd055e61,
736f92bc,
8a1861f8,
2cea0ff1,
04559635,
64c140b4,
ca1febaa,
e0d416ea,
50ce5381,
34059ebc,
f66bd34b,
b4a3ece5,
a4fc05b1,
8bf94cc9,
eb8998b6,
7af0c26f,
36a29938,
6413776a,
06a38d6a,
ce4199bb,
25dae881,
8608cee2,
4668fad4,
bd034435,
2802fc73,
a9b7470e,
a96771b3,
9d8f0a1d,
ce091b0a,
958f5ccf,
fd2ecf26,
f491d111,
c8ca6ec6,
99bd6a1f,
5c06f8a2,
6508ef9f,
358b2011,
36c834d6,
88d30ff8,
e4a0bdce,
b8b32963,
e7b3d773,
1e2dba0e,
8cb3940f,
5685d64f,
1072433a,
8eb89baa,
d5a8b95d,
753be987,
019fe446,
8c18b1a6,
4b583011,
37d1fd4d,
7d6b3125,
42a79527,
76bdb6df,
e2ccf101,
e785741a,
a8abdfee,
2b3d1448,
697fe2f0,
826e550e,
52c87926,
1bcbe1b3,
13bed974,
f12a7813,
9e987caf,
803b36bc,
d466bda3,
0af3a43a,
801b76a2,
a31a0879,
32273e56,
8a21dc16,
a8946476,
1e84e7a2,
2db86820,
b3ece488,
ee72c975,
d5524c84,
6c8cb961,
b1bd2dc5,
2250d856,
fbb84b20,
0cfe01e4,
3651f910,
82d793ba,
214861bc,
19278b09,
3049a865,
a3d580ae,
33326d0b,
ee1bd687,
0f4be823,
b7f658c5,
b21097cd,
6d53d445,
da6141de,
b51b94a4,
0ccb56fa,
b145829b,
bdfe5812,
74fbd4d4,
9505b1ab,
359a5120,
fd82bfce,
4600b2ae,
ce42e248,
f1801421,
0c9b98e5,
4eeb8403,
1bd4932f,
2d855df1,
a474ae21,
b6f7c5d0,
57e98dcc,
9d6c31e7,
0ac6021a,
f56aa514,
9bf6f82a,
cad95c7d,
f270deee,
1c54fdb9,
dfaec2ea,
8936409a,
f70c6ab3,
24b70f48,
c98a931b,
ba1765f0,
f1d1a72b,
61fbe7a2,
0483d9f7,
032bea99,
57cfcc3a,
91150297,
f3cee681,
5a23b232,
6cb04f18,
26cdb6de,
23715ccb,
dd0dd914,
a64ac235,
51bb9e2a,
29d6c171,
81caa15f,
0318763a,
60b0db05,
652116f1,
91376e57,
c574941a,
21f321d7,
dc53957d,
96d4d139,
cfbfc5f7,
fb7e0fdb,
ca173e99,
4b774425,
74f45076,
a5f061e2,
343289ae,
3bc790a2,
32fe5530,
e63de774,
51875f97,
37f8894d,
ed9a7fa7,
f30a6d0f,
2e9ee49b,
82f01984,
b3f6adf3,
f68cb40b,
7b5bf199,
298cf177,
3aa9179c,
ae792571,
b7138404,
b92dca92,
5a169b57,
f52167e2,
413ff5f9,
e4afab8d,
3e07c2df,
f736d161,
96269215,
178452ea,
1dcab22f,
a623ad4b,
2c36e5ba,
50292e93,
873e3755,
087f879e,
22ffa278,
4b0d2d90,
4e97db9d,
b4e859d3,
f5c5fcaa,
6720d22d,
152beabe,
76d2d48e,
b224dc6c,
b9157aaa,
c37b6ce7,
bb7f6cd2,
2d611b07,
b9d4c779,
b896c8e8,
7abaddcf,
0d5602b7,
62fcac19,
06f2aa9d,
58faf601,
32071792,
6355f597,
3ee8aa4e,
e0a03093,
f7c2fc9e,
7dc15575,
a01970d0,
f77530cf,
afbf7469,
6f136532,
4d872050,
787f00ce,
0de9aa99,
765e7325,
317d4317,
5136fb0c,
7414ab29,
39db1d50,
d990a496,
b4b95b9b,
df8676d8,
a80c539b,
3eb16216,
85879d2a,
96dd21fb,
33cd3a7a,
91818e22,
5daa3ce6,
480f9529,
2fe7a8ac,
f4e1dd03,
2406fd38,
7cc9dcbe,
f0ed1e26,
8ae26c1d,
a0ac8026,
2cc6f46b,
21d84b4b,
db859a51,
50861211,
70219f6c,
1f895102,
d6e0cb73,
1f8561f3,
a7342b03,
74eab867,
e6609a6d,
36d99493,
a5cf19c7,
6ef565ae,
f97d8dc2,
9a0c2111,
1a7fd565,
0d593f6d,
d1a8a353,
c69d236f,
be66fff2,
b17aa288,
730eb4e9,
891fbdd2,
cb004e5a,
480cf1ca,
52d3b042,
5f313444,
27689b92,
89f0e040,
3783a612,
b0fdd04a,
819c2d3a,
490dce80,
386a48dc,
f32c2bd5,
8eee0178,
f6ca9a26,
7b8470b1,
aac86096,
b3b1c7f1,
978d1143,
62ac9ff4,
5230e1a0,
ef9cec2d,
44d4e58b,
a671bb9d,
9331ba8d,
4c757b72,
842cc41d,
2ad1f451,
d4a9e3be,
d5d339bc,
9de240a1,
8ab52e33,
03f16488,
de7c8387,
dfa677e8,
5f561f8d,
a2da1df4,
5325f56d,
d9bb1448,
b56f0514,
4fdd330c,
330f1c57,
76eea738,
881af36a,
048da2c8,
b019b666,
f754a297,
eb7f7e08,
96b6053d,
2ae6c002,
905f81c4,
18e57cd1,
690da526,
1062116b,
9ddccc47,
e2b58216,
0c10197b,
5c2e6a5d,
7bb6589d,
34dfbce2,
dbeca0c6,
e03105fd,
a9334441,
28ae0df3,
b143b90d,
fec36a63,
88a3654f,
9ff316a1,
c579666f,
8bf94f69,
b39c5a37,
8fbd34ea,
e1bc6f97,
87294fd3,
ba693393,
16304dd6,
d43066f9,
7b87686c,
929c9f22,
291c9d4f,
11998e5a,
b424bf23,
40b3fa91,
9ceb3e82,
3c9aa2dd,
2e96bca1,
1b854208,
0c0e6968,
d8e5ef0c,
5f5c8a63,
90e15169,
3277ca12,
4de4e8bb,
9e41f2f9,
0e1c0ae9,
6cebe63c,
5bcb2d3a,
82049779,
af06d594,
d5eb298c,
b59c5d4c,
1f2cab3d,
6c4131fc,
c8120b59,
aa354047,
77428d36,
962b61f2,
e506958a,
fa04d115,
4f8b8b96,
6f56555b,
59ac1068,
e1b19b35,
4b25ba91,
66247c1d,
c5f2637b,
d5a384d9,
680ca315,
597596ad,
e7297a7f,
70b258c5,
8246d92b,
0ccbf599,
8e7052ef,
a78b7e00,
fc68de9a,
3fd60e1f,
5610d3d9,
9415e2f5,
b3e33ee1,
c6e2319a,
25e839fb,
93bd2313,
7c7ba591,
42876ae3,
dc79d720,
0fab2930,
3361ad2b,
84df5028,
2295c9fe,
de595485,
1e1c4d3a,
8c87ca17,
e160206e,
a6b4ddd3,
ea17e0e0,
bc754fb0,
f0e69b02,
b91c878e,
b33a9a5f,
240c03c9,
e17c4bc2,
50d7e45b,
283e7f89,
6c6ff159,
9ebc341f,
80963304,
f6578116,
71c04f6a,
02ce6f49,
6389eadd,
e3b21302,
01865f40,
8218ea35,
fa3b63f6,
eea9d4f7,
9ce1620e,
f1441b37,
0a476c28,
0c431656,
88a11285,
920fdaa8,
902a4b15,
0ead460c,
6fa5fa14,
0590a55b,
950d091c,
b784a33f,
cfcc807a,
41efff30,
45de9c69,
2061d3f1,
3c17412d,
c7073d0c,
a7266d0f,
28d17fcb,
17345bb2,
6e17bbc3,
cbcc5e17,
311db79c,
87da9f1d,
c1aa569f,
5f0cdf46,
109e6b6b,
bc879d38,
bd66196c,
38b35567,
48a34467,
dd78f99e,
09051325,
3cb9b8e7,
e7999bac,
882e9ecd,
8f849bea,
d07596d5,
a8185b4f,
cab977a8,
5b5a6b69,
b4bf6ea7,
ea84da06,
6ac8c920,
0b9a9979,
9c681e9b,
aa75fbe5,
551fc162,
be614c06,
0e74430c,
24e33bf6,
659eb2da,
6e72d52d,
62ee7a7b,
44d46bf4,
63ba693f,
44753d6a,
1b429d49,
da4a347b,
e21e66cb,
8e714d15,
89857e51,
328423d6,
a91bcd90,
7ca0e319,
f7b7d480,
cfacf80b,
25f0494f,
30502222,
3c888cda,
a76db565,
13d3b4d1,
e68e1cb2,
8310a256,
ee69daa5,
4105db3e,
61de665e,
a50f94d8,
1f621527,
33f0cbda,
6e7d9fb2,
b41f7987,
6a73d167,
0dc2f60e,
51050fe4,
8b23618d,
62ced691,
8567529f,
49114cb1,
c2fcfd71,
538e28a9,
d057fc06,
2bbc67ed,
eb15aea2,
d4b6e566,
e21eae10,
12b7348e,
423f7bce,
1717580a,
503ba77d,
660599ab,
df19e35c,
c4d99691,
f881bc77,
a2d824ba,
df19177b,
54aab43a,
d1cd32f4,
66ab165e,
b908d312,
1ecdd912,
4c5227ac,
44257501,
f61323ea,
51681a41,
88f83eee,
b44695a8,
de11cf00,
22e9ea0b,
fe085e6b,
2505f9dd,
2cff56df,
15d837ab,
ba814c90,
0d5186a6,
1693299e,
460e15d9,
2dd9805b,
d5a21c3a,
3dc551c5,
a80e219f,
6c1e896f,
629ff484,
47a1f026,
0451212b,
df4a723f,
f8bafb45,
a2fc4824,
f8f47456,
77c57557,
14021fd2,
3042d19a,
754b034e,
3e90c714,
684d1ec3,
02a37c6d,
ad0d5a76,
8603b4aa,
e677feaa,
342fcd58,
a269bce6,
352a03e7,
290745a0,
ea17879d,
5eaa9081,
fd161f93,
b628226a,
0942fe82,
3ebe378b,
9e0f0cdb,
63c9b3e9,
7bd30b35,
63eadeac,
199b9dbe,
6eb1342e,
1bd4c8d9,
04ca3d6d,
d27ebcdb,
697c1b28,
26397bf5,
80cbb54a,
1526d1b4,
96b0c7d3,
8f46292a,
fdf8d229,
8df98288,
802bd9aa,
ee4f9afa,
e8b1e8f1,
3ab0606a,
3825a5b6,
71e4280e,
12f43994,
a8cfae4b,
dbb573f8,
76cdc0ce,
42245556,
acc5371c,
fa23b1a7,
447f82c5,
168fd94b,
c1c3e95e,
e973cf3d,
300b5774,
73a9f198,
675f8660,
8bd84768,
a4ecd1a0,
962cb546,
7e50c02c,
ca61ede1,
83be8bba,
3cc8f546,
f4ab92a0,
c4845f94,
a8e8a56c,
c0f3d0a3,
464209d2,
3a8e221c,
18fe0df8,
107c434e,
28c3b35b,
338e949b,
bf45ab68,
8b5588bd,
bf8fe6ee,
66c94f36,
2807ee60,
dcd7e2c3,
37d0063a,
d0463bcc,
ec8fcde6,
578714e6,
ecb2cb21,
82e108bf,
c031ec05,
124b5404,
993aeb39,
b6d6a7f0,
35bf5a48,
e70f0dba,
43516527,
2445bbd8,
3f3166d5,
8766e5e2,
36cb823c,
ac6fd05a,
20a69966,
a9e050dd,
16fa8fa0,
8160db4d,
3fdf3cd6,
26223d31,
5140c019,
e54a0b1f,
1c8ef6ee,
8b7cc6c8,
d48eced2,
4845404b,
1b4a3420,
6fb9b606,
8bb97a4d,
a0204f49,
f906d749,
fc302d74,
925bd7c0,
5bf6163a,
48a018a8,
80f75dda,
df5ba3dc,
db737a00,
47cce217,
58dbc2e9,
99fd342e,
1d8b0024,
f7f2c2b7,
2d75c787,
6ac61436,
8c0a1d64,
8fe5449a,
195a3052,
955cdd1c,
b6f9d48f,
b49738b6,
b3bbfe03,
60e06776,
8318abfc,
5147fd8c,
33ead2ce,
13e740bd,
d61ab680,
99afd0bc,
d020d793,
5a63461b,
5da21cd7,
48a29f66,
23896d20,
6fdef86e,
9ee5593e,
df9d15cf,
38be36df,
d77c6287,
d5acd8f7,
6420b843,
a00ba029,
7e6dc892,
b63c577d,
bd08121a,
ea004b28,
b8873b22,
0e97e2b9,
8c84f3d1,
bc4b8146,
6175c495,
68d14180,
6ef3ff49,
b3230f41,
c8e3a354,
fec64d1b,
44ca8213,
d198be71,
ab574a17,
bf9dbe69,
cc24fc0c,
3b2d9b51,
9af7bd96,
9fb7d2e6,
e36b6bf5,
afd0600f,
59bc0f1b,
b50119e9,
9b2d2dda,
10d1eb3f,
95c45985,
a879aeab,
24f99675,
67a4dcd0,
6683aef1,
5682fbcc,
1b3d1cc6,
cc8ca98f,
b2ae3022,
3709bcb0,
545f0d12,
8d9bccf1,
159673b7,
33762086,
7e68f8bc,
d247bed0,
b6835f2a,
8aa1a741,
dd067d4a,
c9abcad9,
6abed277,
3723bbe3,
cc9f8afd,
49ba0217,
dc6893ba,
b52973d2,
fcb39cb3,
a8faa915,
44779196,
d3a92943,
25ebd209,
158df441,
7536ae63,
bb7da688,
301fd67a,
a639ab13,
458fb97a,
e3c6afa8,
4b361eff,
4c06c635,
37a5dc9c,
6e329e4a,
a2f341dc,
53179d00,
d329949a,
6e54413e,
84a614e8,
6d5d8067,
f410bb2f,
33021d39,
6fd7ec37,
8627c533,
84af8464,
43eb8f14,
16126295,
98c9f03d,
7b5a49cd,
676a0b45,
6e3a5eaa,
dbcf340b,
23d119b1,
592a9789,
0ad6d572,
0953c6aa,
5bbc1004,
1245a143,
a3bdace2,
d4c480ce,
1fb53434,
6fa35a21,
f58acc0d,
705ed14f,
e73d125e,
308b1425,
42955307,
ab851d74,
5f6aca6a,
60fe6d6d,
dbb6d5f3,
e3909f7e,
a37d0392,
dad32894,
e5eb47cb,
4a9030d0,
45384a4d,
f508dbe3,
e4e3557e,
d6e11681,
e41573ba,
1c0880d2,
933e14ef,
d1d7af9d,
a3a64c15,
1df3426d,
9a6f06be,
770cdfb2,
951d1595,
2ca1fa36,
0b21caef,
6d0a5702,
e99baef8,
17cdedba,
d188204e,
b57a504b,
c563e8ab,
6e8f6bfa,
54fa0dbc,
d45d6262,
b6732fa7,
fb8a63e3,
ba7165b7,
9b1c3f4e,
0fbfd45d,
34aaa029,
da805d16,
fb4aab9c,
915f3a36,
c650a82e,
4ec1e721,
a7c4a6b9,
bbb66f8e,
4340dea7,
deb6a4f1,
41eb17c8,
30e942b3,
e771b13d,
37d2a470,
b93ee84e,
f5b8dcc3,
c013cd5b,
6ca64282,
8c81a1d6,
ab969c26,
aa41d1c8,
2681b335,
5f87a8d8,
7463c8a7,
d3ac8fe3,
4d4d6a8d,
586ab930,
2cbe58f3,
91624183,
8b2e9475,
c78ecf4c,
d377b7eb,
5d8908e4,
e8a140ec,
7e790616,
7a082f20,
34155a39,
980aeee7,
893023c9,
6433acd7,
9bb7ef6d,
d763f440,
1684edd4,
6ce25847,
8ead8971,
8e042a13,
69563ad4,
c673b65e,
b9e72e81,
0b735ea9,
09de11de,
63bcd5d7,
78bd8cfe,
c26d9acc,
a3e30ab7,
6dc4f107,
f5f2da67,
a728f8a4,
8a5e66e8,
3034563d,
787332c0,
78f5b2a0,
958a8841,
1330ac64,
0957fb59,
9aa8c234,
ab21ac1a,
3c9f76c3,
55f0189b,
c8cbfdc1,
5f1e66f8,
28e83058,
a8a5d51a,
de9cfa57,
e3fed5a7,
90abfecd,
e7182625,
b92fc2f5,
07c2f3f9,
34cee467,
20e63af9,
62e54b99,
0351ee00,
38d841d7,
1d154f8d,
f6f08d8f,
f0d4f133,
10bbbafc,
76b77983,
88ac4ebe,
b5aa0ba9,
e9b3ee2e,
a6746da0,
05e3c21f,
eb251e74,
b427cfb1,
68775e7c,
04d7c1c8,
6f713416,
a64f2fd9,
8bb46351,
7efa5aaa,
b992b1c7,
ece45bab,
fa357241,
f53f887c,
8f43177e,
a4b06115,
74dbb8a4,
df67b0ce,
a836abc0,
65217ee6,
6e52e655,
92b1a674,
211c7e8b,
1a05ba16,
f14a7d66,
4721d734,
0c8d1ca6,
0248a9cf,
b36ee69b,
231a8e2d,
f213e1a7,
0327338a,
79e69767,
208d99b2,
c34d9fed,
9694c690,
d5e88310,
18db2b31,
355142c5,
f2b614db,
dae592c0,
3485ad76,
2fcee256,
8fef11c2,
d3e41c7d,
c4b89de9,
6bd0285f,
15c501af,
7931443d,
87659bd7,
df9d47c3,
38f13618,
8400da44,
f808235f,
5a057376,
9de10f3d,
d19a79e0,
4d89e07e,
a80865cc,
10a3cb11,
735d7b83,
a980fc7c,
313a056f,
089cfefa,
9014d38b,
9cbe91a7,
58ead4ad,
9e771606,
00f9aade,
23dd43ef,
c656966c,
20492767,
afa6579d,
699b485f,
7976f1cc,
35797c2d,
23d566ec,
74796f83,
038186ea,
fa9020bb,
47b962da,
b74f9df9,
737f7c97,
80fbed10,
df53c4c3,
4282d0d1,
c776cca6,
f61ea1f7,
287b4099,
c01136dc,
7566053c,
947087a2,
fcb3753e,
77bcb744,
e8a522f2,
618522db,
dcfd0d91,
ac169661,
0a5b2f3d,
c9946f94,
cb87b049,
dc4d1f31,
b560d380,
5fddb4bc,
baddbe27,
9a71dd6b,
24a5307c,
b61b30d0,
72f6ed03,
f6d50309,
8ac9a7df,
7c2f3354,
73544369,
cb49fc24,
1bea5aeb,
d837fbed,
9237fb34,
c1dd8583,
0735bf60,
dd2b1f70,
8f6b8f98,
c00c6a73,
daa9e927,
60fb50f4,
e6d8b924,
51ae9b4b,
b50d6273,
a8fc74e6,
161cef1c,
6972338f,
f41e47b0,
aa6e3513,
b132b9ff,
1ac39db4,
012ed686,
db855d46,
29fdf398,
67bed99d,
43c3d9b7,
de1d76b6,
34813369,
1d5ca3e3,
08753d84,
9c266352,
38479ef7,
bc4645a8,
7cb320eb,
d8a97ddc,
99925b9f,
f8508931,
ac765388,
20956a26,
0e47bf18,
b40dcd53,
32c81d95,
7ad075fd,
8b384e16,
11b35d63,
f5a441b0,
7b68b75a,
f3133e6b,
a181ccf7,
78bbcabc,
e8886c89,
8c34c3b2,
46d985b5,
c480ade2,
2ae89960,
079bc51c,
c20bd71b,
9d487f23,
69e59149,
cda66cbc,
18d19b9f,
0fc6f842,
853e5f5f,
2df84a92,
24d572a8,
c930f85d,
98169431,
87c2fa87,
2e388c1c,
b3cd95fd,
1a56eb60,
12a1762f,
2380bf58,
1b4aeeb5,
1f55b3ce,
18c23700,
d16d1d6e,
ca328221,
f33f7e26,
89532b47,
849de60d,
9269c83d,
1c46d86f,
bf3f7a40,
d637e599,
d547fca3,
d1723cd1,
adf6dc76,
29033809,
c16d7140,
05ad7814,
61ef3fcb,
a62093a2,
bc583846,
7377d0d5,
2cecf769,
df7531df,
5aedd932,
c668403f,
68327765,
4745fac9,
bc0a312b,
9430826b,
fb91f4d0,
6f221e0d,
d44228b3,
7369d077,
f09ce3d9,
fa2b7e75,
48b5f372,
650fdfb9,
ca5284f2,
25ad4e80,
ebd11e0b,
6dc5db2f,
93064559,
67b6c2fa,
a65398b5,
820f3944,
35e1cd47,
74105ffa,
c2306e20,
6fd36912,
b6577d2a,
8226230c,
8ef66a62,
c9d7bd62,
00dfa0ea,
a065b79d,
2b08674f,
fc431d62,
36b5006f,
43ab3f21,
cf44e284,
5220c83f,
e21867cb,
e04a1c0a,
48a419f6,
1a9edd6d,
05daedb8,
8669b84f,
44dcb7e9,
9675a08b,
8a2370e7,
e586b858,
4eb056f8,
b1c165c5,
80cdb2ab,
9f888df1,
6e5cf8f6,
2bc9be5e,
cddbf3a7,
46393f89,
3166563b,
90d1e3db,
31de6f64,
9b562305,
b54846fb,
0b580dfc,
be110c4b,
89a14ecc,
832102fe,
6331778b,
c81d7ef0,
cd557bcd,
eb416f14,
9420832e,
30ebd854,
88ea1f1b,
b07d1d05,
6c72ec72,
f0f4e3da,
afe90148,
c89f7d5d,
3f865544,
df849654,
356b224a,
8e96053f,
8b181eec,
64d55d58,
6154c93a,
0fd3c650,
5aedc4bb,
5a1daf89,
f3e0d692,
2bead24d,
4b1c07de,
83bd3c91,
3a8ef840,
8c29be4e,
8999a25a,
12169f9c,
fa2d04f5,
5fa9017b,
8404a6bb,
3e051ad5,
048eafd6,
d69c1e1d,
bc841836,
b7912430,
52073e2a,
b10ac26a,
b1861fec,
62997a97,
afabfb62,
cb8fc08a,
09caea64,
dfaaf431,
e45eaf2b,
21425ee0,
a725ab0e,
52c369de,
b7957563,
c1367faa,
09c87c0e,
dd9c5d91,
2547c950,
313ca274,
10b11d69,
4f301d4b,
ea7ad355,
62ed53ed,
8a766501,
10ce71eb,
f66043b8,
d57b8f17,
eb9a2268,
0a60ad00,
1ca86160,
ba8616ba,
748102cf,
44aff7dd,
a95e4b9f,
a694265c,
db5e7120,
61f144a4,
7970477b,
c8d5b114,
9ffbeb2e,
5e85aea6,
47122a19,
dd0d5de5,
62278ad8,
ce289dd4,
9d106d76,
1aef4a33,
1537636c,
24512464,
1d523017,
4ad5fca6,
b2e9d977,
adbf68e8,
10fc4ce0,
21b9b00f,
a96e9ad2,
a5f871a9,
06287f0a,
40f9a208,
01f8984d,
a5d073f1,
2bc7ebd3,
02ee2b44,
76d40487,
e796b202,
baf858c5,
a166b96d,
8bbf444e,
4cdb8633,
c3fccf3a,
9ffd11d6,
8e74794e,
33290b15,
283e67e4,
a25b4ceb,
0485c199,
8b5b500b,
d8c399a8,
bc41019a,
5f9dfe0d,
17d5d273,
9e22681d,
0caf164d,
8971257b,
0ffc7b4c,
08fbaeda,
27eb7146,
d8d1529e,
7126a40a,
2b441f54,
70197827,
54e23421,
e2ca4cb7,
e338be37,
91ba91cc,
bae4bc05,
45c48292,
c6b190ff,
78904cf2,
2b6c0fed,
6a2983c8,
ef7559ce,
8a9bc87a,
f032caa3,
20aedb92,
f4b3c674,
a5e0f848,
34ad0680,
75498188,
0223e614,
232ea1df,
09a78384,
17d44d28,
bf41ae68,
047ae60e,
08d47d78,
e14341f2,
02bae2d2,
4c79fa12,
909d8143,
2fe17b57,
713b2ba6,
14e177f1,
112282e1,
67befd60,
19fbb231,
fc38dc59,
85cc77e2,
8d1a9d0f,
3d9239c6,
13fdd9b1,
25d9da88,
cb8bb69a,
6512f8ca,
51bc0aad,
37174494,
ed704346,
f60c0b42,
a2df2707,
bf62bda6,
42f96a76,
f2fd3be9,
a1c34423,
5e1b178f,
b9fbd99e,
cd789368,
4bbdf957,
404d58c9,
1b5c0252,
45ec3373,
bea0d0d7,
a29d0a50,
6a05cdac,
ef06a5a8,
2eb14742,
2c37ce19,
3de47845,
46fc3309,
bfa6a79d,
e64d679f,
4ea807be,
423d5172,
bc149df3,
ee5cf200,
f082998f,
f40b7e10,
d7380ee6,
e9eae6a0,
f0f642e2,
6808f3cd,
b9b9a45a,
877d8670,
571f8629,
fcf5e520,
b248edca,
9b6f8905,
3aca5608,
80ee9652,
dea97712,
1cbcab3e,
0de54f8f,
9a42d986,
9ec5dd1e,
4d82ac62,
ab08e3f4,
9a4a609c,
a18789db,
fc7c5b87,
5d25e013,
0017b867,
3ce7553d,
57e37e73,
f5a53ad1,
a971bdba,
30f38725,
06427c3a,
1c890420,
269dd2b6,
1b0ddfe1,
9c2c1a2c,
447a882d,
990a5c5e,
f099fd63,
fdcc3e25,
47ad4a10,
4b0fb7d9,
b31d74c8,
4785a1f2,
27aaaf2b,
b8446f03,
2e9a3127,
4438e042,
ab2979b1,
bfece61b,
44b30da3,
a9f66dd2,
e52165b7,
3441d628,
4c08e248,
21e31f0b,
aec888d8,
5f2aa07c,
4f2a6358,
83821fe1,
96576caa,
3bd76fd4,
530722da,
5d46d58c,
3457588e,
16c4693a,
4efd765a,
79c0db38,
b336a65f,
fa91cca3,
fa191b83,
555d2f32,
a62c776d,
b4e417ae,
dca07250,
4fb38ed7,
45067219,
b93c2b6a,
89f9842c,
03134f6b,
cb617a9e,
cfea0a40,
0718bd10,
fcd64690,
3302c1cb,
49fa34d8,
2e30b915,
77ef186f,
cbab87bd,
57e1aa6d,
4b057d29,
69026d05,
718354f2,
da9674b7,
07a839b2,
2facecd8,
3660e4db,
1a57ee9a,
67886d5e,
347a60dd,
d9b6543f,
4e801189,
ed2dc013,
2edcf40b,
f3a3dc17,
57695f05,
561f6c2c,
cc45aaaa,
804ca30e,
066e0452,
f6d7a919,
6fa31a10,
ec073023,
055720d3,
eccddbe6,
21a2813a,
a82a22db,
db7b5801,
98ad3318,
557d0f39,
19cff23b,
0515294c,
ed09d1ef,
85522436,
18c13845,
15cffc28,
6f4c5e80,
3d0cbf1a,
b5f12a44,
07e4be29,
c1c9076b,
4bac928b,
31b5d906,
af3b4f5f,
2984139c,
8cd9fcc2,
d35c4907,
f718b763,
cbd90c31,
210bea53,
5d6eaf74,
3934f054,
f4050647,
ac34c43a,
75de3ab2,
e6c52301,
1456f82a,
7a5b665e,
0733c050,
828b2291,
2522f7c4,
0dfc5197,
259fe2b5,
698cf11b,
527f0661,
32633087,
101ee078,
0116cc44,
2487ca6b,
da10dc7a,
da0df8dc,
533c8946,
3e57b5c0,
5ea79455,
48ca4c58,
8039e027,
d4a8a68b,
a55fd588,
bf6e2f44,
22c27caa,
8a1de8e5,
614f8bb1,
1aced6f3,
45d50380,
aa50b635,
696b6318,
507f00cd,
42729475,
d32040fb,
0c679e7a,
ac3db95c,
835f093e,
479d786a,
e458b765,
3074a425,
0fbab93f,
f173f62e,
1cd37d6e,
d0c6ff14,
b6fb9860,
48a938ac,
35834c9d,
3025a789,
6bd82ba7,
fa97ad26,
dba78335,
708d6d7d,
1c486c85,
93353995,
5885fb0e,
e35a8a75,
40be8b5e,
f869559c,
211899a2,
b52e18dc,
6ac1430e,
81a221ab,
cfdb38f7,
c38731a7,
ec69e6cb,
2e0889b7,
f8ce1ada,
990c8ec3,
8921ee02,
419201da,
ef4b77db,
44e599a1,
0680dd69,
bd3963a4,
5d4bad9c,
c3d71a9c,
1401fc73,
0c9e7355,
d7d712b2,
427c0a64,
24af4e4c,
96f215fa,
f58fc7d8,
3de63f35,
38c60c7f,
28cc47c1,
f14643fb,
fe0811e2,
ac623f30,
9e184b33,
9a7b61c7,
18028f90,
25ee3988,
8aaa36c9,
8772d606,
afa4fbc4,
5a31bcf2,
c507c6fe,
ce520d6e,
561ac277,
436e742e,
dab387cf,
ade35b19,
dd71ab71,
db759a79,
d0998cd8,
86880ca8,
19c29b40,
a492588e,
1fd29c1c,
aa1f4132,
a37a3391,
91b2f9f2,
5b4fa27a,
34745272,
7acf6a87,
e67d776c,
32c534a7,
2bcd240a,
bc87de64,
52180d89,
acc5dbf9,
e848da09,
b53d530d,
98d8af46,
368a9adb,
e00b9fe7,
ad2687cd,
efcea871,
82415ab2,
b13fa043,
a50a6b5a,
5df731b8,
42e1ae86,
94234390,
b7f35af1,
31e408a4,
78276b8c,
611d78a1,
9a3fcc1d,
b7d87b6c,
756f4c48,
fcc4be82,
7829fb3c,
79a67af4,
f5977a78,
816a7708,
a2c9c6ba,
2c3159bd,
55b2600d,
c86dab3a,
e844cb94,
67c75cc7,
d9047278,
328f1ea0,
7f6e43df,
ffbb5167,
d70a7994,
8c78ffc6,
90aa5a21,
00b13dc0,
20e3c4d3,
5f2a2d17,
f0a96fe6,
b1279c85,
b46004a1,
f850101d,
0818feec,
db1f58d2,
6b35b178,
9618435e,
b3f81693,
81d3c75d,
7ed0841e,
6c8e58a1,
9dac353d,
f0757cc8,
72399132,
d7aedf04,
1fdff5ee,
0081ea90,
e8290a81,
a3b151ec,
33070d5c,
1aef8aab,
b3ee8a97,
4b3ca333,
5d2e3eb7,
c5afe44a,
55cfaa14,
05a71271,
ebe78d60,
08f83bbc,
cc2c8e0c,
3748fd0f,
4b606257,
52e77b48,
8250e3ac,
b535a151,
2dc5a2d1,
6822f9fc,
0ff40a5a,
2cb06be6,
5a7cdd59,
ac8a3b50,
1125adf6,
da55d7fb,
90dcf5ac,
7c05f17b,
d3dd6423,
db5c561f,
c175f43e,
9d4d8eba,
e95db085,
e89aa0b7,
c1cbeaf7,
87e70d77,
dfb28db6,
b67930cf,
da8f3a5a,
32ac8108,
27f0ae9c,
c6942d0e,
83da2277,
dcd2816e,
3beba271,
3d5928c3,
a9b7adcf,
abeeba82,
c664b7ea,
ad13c9db,
6670bc0e,
82dc60fc,
a0b34dac,
4abf96b0,
a204b741,
a5e48147,
1d5ae27a,
32627fe8,
8af9decd,
4af62a67,
307db284,
24c148d2,
b6a9e6f6,
f9aec69f,
7a9395b0,
2196179b,
e3953bdd,
dd6c7bba,
674cf70b,
30a62d93,
147bf252,
88f08504,
e3ae6139,
6c8ac284,
b05f51d8,
9c6256ff,
637a815b,
4f53df87,
897cb62b,
c19f85d5,
e56d03d8,
548f0420,
7bf55953,
7a8da296,
2044e494,
2811bf8e,
84f9f947,
2a27621c,
40937473,
92425de2,
85af22ac,
44de227f,
7243d8bd,
72b77c6b,
e4a7f880,
012a7c96,
e8b3bb07,
1e300923,
e51901d7,
907bb459,
a15ae645,
21db87c3,
da7ef214,
da35e9b8,
3c25f479,
53c85e01,
cf553fed,
92de8192,
15784b07,
a6e8404d,
d98d65ad,
a0e9b583,
eb8ea2e4,
7aee30a7,
e64acf60,
6627aad2,
dc231947,
5b7c1852,
8afe38c9,
473a52fd,
b31d7136,
70723b0b,
4f1100a9,
89dcd01e,
c29f04aa,
73d4ae76,
4a9fbe02,
e91566df,
68207e5e,
5a2155a6,
057430ac,
01022560,
35b36afc,
c822a23d,
f0587b62,
b7dcc947,
b3062232,
a0d4a74e,
caf49edd,
04c9d4e5,
e31ed234,
0cd2fc8f,
7178d4e9,
bda2d30e,
8f7e4eb2,
22851c3f,
c6e8e0fa,
03b67839,
96eb69c1,
c971beb1,
e0419a39,
9ce5d34d,
c95af9ce,
f54e395e,
0e6f4aed,
69fcba14,
715f5483,
aab04d27,
8ffcfc4d,
05272e3b,
2bfc4b73,
415ea0f1,
ee92988c,
47c121ec,
7447c814,
620aa1ec,
0305ada8,
c8d9f7cf,
44eafb5a,
5d9e6065,
079ff9bf,
6cd1cba9,
bffdf274,
5fa659cd,
eee355a2,
b6e93732,
5c27463d,
755ed818,
62b5932a,
a8917853,
8dfd202a,
58f8ad2e,
0fc4b484,
b941e614,
366bee14,
a494557e,
dfc9af88,
9414fac0,
74e83acd,
d9249677,
e6650505,
7d545ad8,
913d9035,
9847d120,
54eaf381,
6f2e710b,
6f9c235d,
42df6181,
3b11537a,
88e7d5ea,
77957d52,
36fc3905,
d4198838,
aa3d49c5,
cf108ca9,
5d6fb38d,
f17c869f,
325bae5f,
0917440c,
06cb7abf,
e19b3316,
f2e785e9,
8210b99d,
a4fd741b,
cb1fefd6,
179bcfbb,
56ddb93f,
f7d8df55,
fad5da5c,
0ade21eb,
1f325da7,
02f6ebd5,
2168a3db,
dd364013,
3cd16ac1,
8435052d,
5e830943,
eb534e4b,
1f7af398,
6a451589,
82a1dda3,
6c1bb403,
db7c386e,
549b1e7a,
3abd5d83,
c2c45a67,
25a9a3ec,
9c34c404,
cd4813c6,
b9388767,
212374a7,
77fce766,
6cece89c,
57ad8928,
703b5e28,
6f0e7964,
37fa0d65,
b72e3a85,
acc30ef7,
323d6d22,
ef93f438,
a85b46b6,
581b1f04,
b08882d6,
c21c51f3,
86d3ba22,
70110747,
d8405b05,
7d7abf7e,
aabd01fb,
e330f95b,
ac6873bf,
26e5f369,
581b6c63,
f9b47b70,
b52033f7,
8cc56f99,
840d6587,
c89f59ab,
77ae3b9a,
3fd69af9,
0823ecba,
63f7e69d,
c1c9b369,
482e671d,
8b406a7c,
c7899a53,
d80216ae,
d2629b1a,
5f2ba4b7,
4f08cc1d,
0e690729,
2813585e,
79584db5,
c4e136cd,
43e63134,
364bb5a1,
05a8b46b,
344f3dbf,
16a0ba80,
8449a2b6,
4598ce32,
d33e2544,
84523e1b,
47cd54ca,
ec0579b1,
29ab0e18,
158241ee,
5368c6f1,
75e1381b,
de5dce56,
dbec2606,
3cdadf62,
253d5e82,
5776ebca,
6ceb1bd7,
3204a2a9,
932aa76c,
40d9b4dc,
1030d0f9,
318d5140,
0727f285,
45f0a25d,
28594b65,
08efda3d,
19712bc5,
04d1779b,
c0ea7578,
ca6c9f56,
697c08b4,
019ba002,
01e8f911,
8a74060d,
c83b884f,
692ee6c5,
082548f1,
b0434b4e,
1134b7d6,
84f1040a,
c8cff70f,
d019dbe9,
ad77c311,
e47a0121,
b83e53c2,
89317795,
d78adc05,
8d0c5d1f,
55597073,
e36812e9,
097e5816,
7f06e93d,
58fa2987,
82bd1a42,
ed49108f,
c4e9ed21,
96210960,
8a456c3b,
f86e4888,
2dc3909c,
22a04ac0,
1b32c71c,
d0eca74a,
de759dcc,
b67da709,
cf019b69,
a040483a,
b39a4c7d,
50068d1d,
8fda818d,
35e8c62e,
7aceaf67,
47338ac9,
c13d446e,
a1c82a71,
8427c626,
2db2b9ea,
8182f89a,
46b53da0,
8f792a48,
8b2c0ee6,
bb6e7434,
f53166ff,
ec232b6d,
ddc7a2cf,
186bc8b6,
6142bd9b,
7686a8cf,
4c2f832a,
8cc354c9,
70f0f2b8,
277b99d8,
c272abf3,
86f53911,
cb379ca5,
c6a89c37,
c5e30ef2,
b19f8734,
50edb741,
19406bbb,
34a51a82,
e0aaa925,
d11bd2d7,
08fd6e25,
5bf22cf9,
c88e24e5,
f5d86c34,
e26f995c,
8d2589a1,
ef939d67,
14e0a583,
58876005,
29f1b82c,
e628e070,
24e08449,
623beebe,
81094dce,
41daf543,
ed2cab79,
340d54b4,
a284cb32,
aba84af6,
c2ad6474,
4286ba73,
b28090a0,
bba300d2,
a116fbf6,
9df32ecc,
d9727582,
4ea222a8,
0833edcb,
542b4895,
accce90e,
2d7b79bd,
ab9aea67,
878942da,
fbfccaa7,
6e797772,
da3f8429,
3e74eaa8,
554569cc,
c6f40671,
2339ebfe,
f07dd158,
f8a071a4,
ba2291cb,
e5d69e14,
3ee8658d,
62a19f41,
32148fed,
d162917d,
0885aa92,
bbdf8f53,
b1e2309c,
3c9053a7,
bb0adf6f,
ca5ea135,
07fc2204,
db8a2302,
a34bd56b,
39a45445,
8fd8e794,
b77477a6,
5431b06e,
e191d44c,
28de9020,
5ba675e3,
33777d51,
181d8dc3,
bab10049,
5116452b,
b338d021,
26134fd7,
3c56508d,
5fac3729,
7f64d731,
8e0645ce,
2eb1bc46,
636fbdd1,
06238514,
61310ee6,
46b749f7,
85ea6bcb,
d5cd838e,
28fcd84b,
6b3ff55a,
67d28453,
98ef5c71,
1665e6d9,
e703122f,
172d20c1,
f09a7942,
91509750,
49cab15b,
6f6cfb18,
7018c59b,
6d442b07,
52cfc3b6,
578dec33,
dfea2a90,
3a30c860,
4645ab00,
39a42613,
c7c1a60f,
d96e1035,
4bcb95aa,
31cb2155,
8627b249,
80a41ebe,
c4e54652,
59cb9eed,
0726366e,
fb890b74,
a16418f2,
2623c8fd,
a525c326,
680c49fc,
59213f4c,
4dd9ad15,
ff909c11,
e5d7f658,
a6139bb2,
48f109ff,
b278a926,
6bf98254,
a8e8099a,
8e4d4697,
71ede434,
adcc1af9,
5d9524d0,
dc33a373,
19ced4db,
2b64a56d,
827455ad,
f468f3d5,
b110c5e4,
7436d522,
ff6a6104,
6fdea723,
f6c91022,
02bd239a,
bb1e9c44,
0f42421e,
b0b7ef9a,
f0ae81a2,
59e96866,
d7da84ee,
7ae51d96,
2eb31c2b,
71b0ece3,
de345c48,
27044206,
dbe94313,
2fef9f89,
6965828c,
dbb92cca,
2d6d179d,
9d984440,
bef19d74,
55e0afa1,
7af3e32d,
3d6c5663,
4c0f8c12,
9f898397,
c4544838,
b7e3153c,
7e3cdbae,
e6cb806e,
f3b66082,
1d9233b3,
a9d5627a,
d16af875,
25d7cae3,
4e09ea29,
81141b12,
e65e2e76,
bbf32b84,
702de995,
c545501d,
33e99a96,
5ce3ca7a,
636b87e4,
fbc4fdcf,
49147f38,
11e8699c,
a008b469,
d9b44466,
37d34b94,
3bae58bf,
2bdc6810,
358bc31f,
a10df94b,
5e85ab94,
dc6ca92e,
494bdc5f,
9d723bef,
039cb740,
2db67620,
fa0c66da,
3ed1d2d3,
7f8a4bfc,
2a963596,
7b91bbd8,
fc21b10e,
febb8d3f,
d72f28c9,
b71dc59f,
e38cc83b,
e70b6169,
dbf218a3,
3f891088,
6722e761,
e323c733,
e446eb6f,
2b630718,
d68dbe00,
d222a96d,
e4dd4a1b,
8e4e5f19,
7f60bf51,
fa2293f4,
6921446c,
a6d91af0,
05a9d2e9,
b32904b0,
4b608398,
371342a8,
7e3b1b51,
75d24eac,
6dd66849,
32accf6e,
9ebdf295,
386dcb6f,
d522a994,
c8d291bc,
f736d92c,
5257e71e,
5b2694eb,
988c8bbe,
6ec27b6b,
b1ad0f46,
c9ad843f,
6272a9d1,
b6e0309f,
db55b636,
6be7aafb,
9e6ab934,
db7e7492,
a8394fbc,
cb4fc415,
d9056dbe,
df49f508,
e06952b1,
313910d7,
ac840373,
fe5285fe,
79065119,
b70cd318,
adacd977,
3955071b,
cc934716,
fda4142f,
86129fc7,
85c9ab9a,
ab190149,
0d207844,
156db1ee,
19d6a636,
a52b2728,
62c7711e,
f703d593,
b90c29a5,
cf50be1c,
8853939a,
bc4ccc17,
8d007c32,
cb12e41f,
1f8b5f98,
193b7520,
acd29dc7,
3f789568,
9b8c11db,
2c050c72,
60f3ebe5,
def4ebc0,
78f7c9c7,
613c9f72,
d6de1c26,
778c47ea,
93ead1cc,
a97c8060,
803ac721,
b22d3c70,
1d34bbee,
afa19153,
becc7818,
8295b938,
5ac2fc70,
2767a064,
4d8a19c8,
26cb26fd,
219dedc1,
c76e1748,
3a8b709b,
d69afad9,
34976f64,
3a0cf490,
585be2cd,
2ee923c9,
c59d3ee7,
a55cdbb4,
d3f7bdf1,
0f862975,
98de5934,
06e4f246,
4945789b,
ae83203a,
5adf52fa,
729e1627,
46438442,
c6137112,
0ff122ac,
4b45b967,
4bfb57da,
cd222ab0,
530a57be,
d548cb2d,
eb93788e,
133aecc3,
e8d34d88,
52eabf9a,
865e8406,
7b488e9c,
c4a4bfa8,
3ea69c73,
34a9d73d,
8652702d,
fdc80932,
b143b81b,
8d8c432c,
5ce27f02,
db4921ff,
6af54196,
44333fa8,
76239617,
5c6f4e2b,
36257ead,
b72c4ca6,
58f9aa90,
1ed44b9b,
e5f909a8,
3b9c545e,
f5eb6721,
2542263f,
cc0b4f1e,
2778768f,
78cd5ac7,
483dd4b0,
ab047398,
8581b51e,
010bae23,
cb6e4b6a,
7f98ba91,
330266a7,
8fa44f05,
e760c2b6,
45ac1552,
f79e81a2,
898885e0,
8f624ecd,
a4fb213a,
dfb99495,
d36720a1,
7452f6d8,
5b9822cb,
4fad7357,
58b747ac,
f9b4b03c,
b70f7713,
dc7238ab,
6e33504c,
c4de0316,
135eb2d9,
ab26a4b6,
162d1b48,
42e605e5,
83ea2b25,
5b006b6c,
1273f56a,
d73138eb,
b8393e4d,
29244de8,
3b7043ae,
4a446323,
3e2d3da2,
cc12da1a,
8cb620d2,
0c779419,
6c08c1f8,
eafaede2,
85040b41,
afe7e2e3,
4792b661,
0360a9f1,
da0d6b29,
fb461b71,
d19c64a3,
499f7d3a,
1358f6d4,
833eb966,
d367d432,
0e1b852a,
aa9a3e88,
8a546e37,
e2a0368c,
463eee10,
7fea5156,
285f7614,
3f8a3e2c,
f7cd3850,
8bbcd79c,
84c43a1e,
8db8765a,
840cf0e6,
8386a4de,
66944c78,
e300482d,
3768c730,
7ec97bf4,
eea47900,
a5abd69c,
4035de38,
b3238f6f,
dc91722d,
0168bc3e,
b4ee82ec,
143c9422,
f63cddc0,
68c61b4c,
1eeefa71,
054444cd,
54828276,
d1378e66,
516dca0a,
f4e70d40,
7e116145,
d453b3d8,
370379fd,
1cb0b48b,
78af06ed,
defe1b8b,
b15a4bee,
29a4511f,
c89d139a,
42df5338,
0a46c152,
d85fe867,
268875c5,
cb7b64ae,
9cd1c906,
ccbd6669,
65a79859,
ca896e19,
ca893a1d,
e05f0511,
38154188,
7ff84aa2,
c0583326,
b1100d09,
096e3bb8,
f2e07c80,
af8e6c0c,
04c65cc2,
602cf5e6,
dff14027,
0dd6b880,
2e0f1d05,
5dc0e5a3,
330e1c57,
613c65b5,
b15ddaac,
29c2059c,
a69e3f12,
dc59de14,
96ae81f3,
5b21da35,
4cef1ebb,
d3d6b698,
1568962c,
f1fa2177,
92f7c1d2,
61d4f758,
9753f6e4,
34284cae,
a655d0a7,
32d8a817,
37a554c4,
b79a9809,
5a1da484,
f4b5e4ba,
74e8167c,
3573dc52,
6fdcbfed,
c02c1631,
2e40c64e,
d9f44010,
a235b465,
ed76cec5,
ebc4eed8,
e5feda05,
e51c4e62,
fac6a8f1,
aab7720e,
a8dc2940,
6c0971c5,
7ac051fe,
f928dac8,
4b9e6d64,
202d3379,
86187412,
c4c6d635,
b98553dc,
fc06667a,
79928ef3,
fc29e5bc,
fc1312e4,
2ebbb35d,
19855e60,
7f701cdf,
d8eaabb9,
c550151f,
3c8da7ed,
87e97542,
19735e44,
a1af8ad3,
03ba4c63,
25d78e0c,
8d60b916,
c809ab18,
da0afe95,
25aa28b6,
a4eecd4d,
8492246b,
e024daa2,
84107783,
370cf03f,
a87ff502,
e3bf1b4d,
dc9097c8,
1ba3f8d2,
ae10e00a,
ea6437f5,
0b779173,
0e447d97,
01d5d273,
abfaf15d,
157cd4a3,
d1cda896,
d50f311e,
a59f796b,
be83f294,
e9d79255,
23fd08b1,
d5d6c017,
3859213a,
61ab5213,
8eefea3a,
b7e4b394,
ccbe6758,
3d910b28,
5d7ad390,
c3e5fb9f,
08e40784,
5e75315e,
681d0321,
c5bb7a77,
6f0e9bf7,
af0f9317,
2db7191f,
870e683e,
90bad1d3,
cb182e16,
6d7b7681,
2038f545,
10c99136,
263d8eff,
08470f8f,
04e30d63,
be8e1cc0,
b1f79848,
a6c7d80f,
b9eee788,
6994a6be,
52dff9ba,
4c6c24be,
49a036da,
6e82d0d0,
4d30604f,
48d4ab7c,
651fca80,
9f8051d5,
e21a2dac,
cdd96638,
14a67ba2,
e5fca01d,
1d46aed9,
2260613f,
95bd6bc7,
b0544ddb,
4e2210e8,
ea3f3e1a,
3b787178,
c41a45fa,
11044ffd,
57a93b21,
c6692389,
255b5136,
a131aed8,
46031cb9,
c740b940,
2b18dd28,
73a01307,
2fbef4f9,
c639193c,
9f3adce6,
8a0d183e,
c7e2e78d,
8f0c6428,
8e2ce85e,
ccb20848,
a88f450d,
73f5e3ae,
b9604f39,
b92e37f8,
466f1be3,
5baa2984,
e43eda0c,
8088e08d,
0ff39421,
3fd194dd,
c98957a6,
97a5ad34,
30bac614,
a326fc93,
76ddd31e,
5a07d6d0,
b936f425,
9a92d5f5,
87295459,
7b2f47d4,
a88fe519,
bbd196a6,
34b49b07,
c1efcfe4,
61de0c62,
37c0d19b,
1239ed13,
3a5871a3,
75c3bef4,
c2984c33,
dfae3888,
1030d008,
11d08f4b,
385eed4c,
e24cbe84,
d33fb4fb,
495c7ee7,
952317b2,
041d5546,
1733586c,
a31c1625,
05744d46,
b7c839af,
e73803c2,
7354ae1d,
cfe56354,
e27739dc,
6ec4e355,
8df659fc,
3a1745c9,
f1dc53b1,
a59546b7,
d37cd287,
d4faafcb,
d051a792,
f9b29320,
336812ed,
7bdd4094,
f73b3f1f,
1f3b6489,
491833a6,
456e5edf,
f94acede,
3757a4f1,
898e5483,
b6d08a77,
23e5f46d,
154f96bf,
1e4dcd62,
1615ebf0,
7e4cdd08,
3a30dac6,
aac0e06a,
369f671f,
0d20faf4,
b343617b,
a941f8f4,
5682023b,
f0d4664b,
6a7db538,
7f645dd6,
03fe4b4b,
4d608a87,
dca1f5c9,
838eb141,
d601cecf,
8c3d9897,
fe7f7d95,
86efabaf,
41726a0a,
368c2aed,
0dc7e12b,
8fa5e59a,
c28b076f,
e5ce2bcd,
e97dbd1a,
efa1ce32,
17485934,
c8469a5f,
d0aecc64,
a73e499d,
86ea9b38,
f54b40b9,
e222cb3a,
a3d573ca,
943b0925,
b0736d24,
29f26e38,
374423eb,
31f6c895,
6f9c9f58,
a04c33a4,
3a42f20e,
fb2542f6,
0dd1bdf4,
039aa06a,
e3f08e09,
bc3159b8,
9eff8bfb,
8336faf0,
44e9f60c,
3820a7b7,
3b3999bc,
5e4b13a2,
b4a2e42e,
5b847764,
957bf487,
63d8d0a4,
7f255c51,
e10f57f9,
aba04e92,
43dc0518,
18eb949c,
2068073a,
270e6d77,
3a9ddef0,
10c4a4e1,
63a4b8a4,
83369731,
76e70097,
f66faf3b,
d03eddfd,
d962797b,
9dab4f54,
72d71661,
91cfe6ae,
3c579f0c,
7e79a5bd,
de6acaa0,
f80e1494,
17a396a4,
b1aee3b7,
c8e5f449,
d5cd2ac2,
f845f1d7,
99971e66,
1f1ae5f6,
30b0203a,
8595247b,
155f24c5,
13ae208d,
9b425136,
ad1ba26a,
170da573,
4c333349,
8e5252ac,
7d515ed3,
7e7460f4,
e6083515,
87e591aa,
8e29efec,
2cd1d00b,
71fbfecb,
82226083,
67ca29b8,
dfad6abd,
9a553219,
71a4d429,
9d48e9fa,
9a70dae0,
fe30b11c,
dab28f4d,
38a6fcc9,
82141214,
547b1ff7,
0444e357,
e84aea28,
6667e8aa,
b3cdadf8,
48b59897,
62468801,
3d3dd5d3,
57d34084,
eb33d5d3,
60644754,
19844dca,
6e9f74af,
5a44c147,
f4d9469a,
a7ab6de4,
9131586d,
5f01c354,
641f9f22,
ac6e50a8,
2ca5239c,
43b6cebc,
a87e782f,
341bc6d6,
e702cefd,
3268a5cd,
da09e4af,
90652fa3,
eb241405,
e094263a,
3dab295f,
1401df4c,
741c9d89,
eaa8706a,
641f2cad,
74c4460e,
40a828a0,
914846c1,
9b9ad2ac,
b2e47e44,
889aba81,
32684f26,
45ebe243,
4d59dd40,
881ea2c6,
2d9ae4ae,
20be0a66,
5b152ecf,
564fd190,
915d9bd9,
1b13437c,
3233d03f,
89dd8260,
ebfb152e,
96960579,
0c5e7ab2,
c11c107d,
d29c36f9,
90f12ca8,
cc4ed74f,
65b076c4,
21838448,
6fff8bcb,
332f861d,
14eeb476,
8b55a172,
3be77087,
f6d2ae71,
46ef9278,
e1943d4f,
5181a8aa,
ad3f3894,
a8d407cb,
9e023fca,
faaa0c37,
72d3aa54,
3331769d,
35c3b06a,
3a1a6ba3,
b12cf0c0,
dd0f28e7,
d051e11c,
d6d26d47,
f05dc8d3,
6e2fe820,
c40515b4,
e0e37df1,
0747b0d5,
44177242,
7f8fa701,
65aced2b,
4e50fa2f,
e951bc0e,
5262e1e9,
e93be81e,
e85b59e6,
02fed017,
67b09917,
01c0f4b2,
26df6e9b,
ddd12253,
e6f064cd,
a122dedb,
d8239cbd,
5d0bb66c,
3539ba9a,
52bd2e04,
90e30ab2,
79866c9a,
6e145851,
5300d1ac,
0ed9f550,
83356d4d,
db85c07e,
782f14a7,
5fa3985f,
13c96592,
2e697218,
fd1249cb,
8f5bea9d,
16c32186,
a24cf40c,
eedbe43d,
9bfefd96,
948d2cbe,
a7a7eaf4,
8e3d0f94,
e54b9c1a,
4543fdc8,
fd64da1e,
ff94cb8a,
8a2c9ca4,
cbb6c3cd,
5337c5db,
c7ac1ae9,
6513ed6b,
a268d60b,
837adddb,
ba549321,
d7c39bab,
14b5dce1,
d1b6d44d,
4c28a544,
6947551e,
99899271,
55253491,
949f0096,
7411b063,
1c084942,
e35af079,
d5308c00,
bce06207,
98465bf5,
828b2ff4,
009e673a,
5d2ecd63,
120828c3,
36f30378,
9a1d13c2,
f09a0952,
09113a75,
ed6f483b,
b04ac6f5,
095f97d9,
b0874af8,
9978d3de,
3aec0315,
07140e7f,
a8577edd,
0a9691e4,
4d7d7120,
277d94f9,
e9694938,
794f9dda,
cb19d0d6,
279a783c,
0546a7f2,
9194c9f1,
e64b824f,
4de0527a,
f4572e26,
a759dd70,
a386b39e,
90837c8c,
91134545,
4d33ccaa,
f95b6992,
3be34c67,
95beb7c4,
c9a817d4,
6aad8d6b,
1b8acaf2,
21c772fe,
ec368f21,
b9ef6ad4,
4fa158bc,
0cf47190,
da7ab0a6,
d62d60de,
caf55fe4,
862a6d4f,
73008726,
a6f55362,
06c31586,
f2e6a5a8,
83f38378,
ba37254e,
8837b665,
b730687e,
1436e422,
a5d54e8e,
aeb1a248,
ae515f4a,
75c9fc8e,
8a15b322,
6f200f8e,
2724f35f,
704ecf8b,
66695e92,
6d216055,
ec56d601,
a57b3be6,
152f7eab,
65100255,
41ddfe68,
f256599e,
278f4236,
a0b73275,
44c3d1ad,
e0b9f35d,
e51cc43d,
d87b2316,
58a26023,
c65376da,
0a72551a,
31b1ae06,
090f637d,
09d55e0c,
a83b652e,
435eed4b,
206757c6,
de9f09ea,
63026d31,
6507a9ab,
4cd66574,
32134f2e,
1a47586f,
38ae1164,
56ba4f7a,
28ae39c6,
04fa0452,
f524de24,
7f7116ea,
9c702567,
78029c0e,
26bcd5fd,
a57b8d3b,
477203bd,
70e34144,
1684e73a,
81c5010b,
555a13e0,
be292f5f,
ca376482,
02a02f2f,
17d23481,
818908c7,
3df5f798,
90a2ab88,
2626b8f8,
b843a54e,
117da36e,
df1f40ef,
8329357b,
025d7e95,
c0e31f24,
92b2c578,
ea7fc349,
05d6e9b0,
3c4b6121,
a95b4fe4,
f69f0623,
62267a55,
7d665a01,
63b33081,
bbd02a5b,
853ebf87,
404bff52,
a663386b,
4bb70b0c,
9fee561b,
3758f8d8,
a4ebb0ff,
5c06394d,
13509b51,
6cbf7b88,
dacc4d10,
633e3e8b,
e34d4092,
7793c2c0,
ed81fdb2,
59eb9264,
5f57cf0e,
25d183bf,
e080eed1,
5a11c582,
46573038,
2f3241f8,
4aa4042e,
4ae017cb,
cc8a4c1e,
bf66ff64,
b669ad62,
e02701f2,
ccc82132,
b3529190,
81e0ab2f,
81beadef,
d831ff06,
9d6f310c,
9482b03d,
2f67dcbb,
b22cafc4,
727b6187,
f8105b28,
ae373abf,
a5f42dc2,
093fa059,
0e490cfb,
389d5c62,
b8f19c3c,
d4023938,
6fbf295d,
030852d3,
b1f033d0,
8617b6e6,
9edf5ee0,
2b6dfde2,
3e7b3aa5,
18596557,
66dd4ddb,
eabe2087,
3ff3e32c,
f56d810e,
a8e4a632,
ba3ae1da,
6785b323,
ed988fd2,
05cabb7d,
5c556d94,
0d3acafc,
0167baf7,
4e192681,
cec5aa7c,
b6658ea8,
87e0972a,
0a8d5ec2,
e223e155,
b88770cf,
576a6b3e,
01e47ab9,
31e87973,
ccd33abc,
1e532bdd,
0fc4f374,
eb658f61,
21b2e3f6,
8bdf79ee,
c507f434,
07f95749,
a9b720f0,
2cb6ca85,
3c57b8bf,
8c460542,
a591ffe0,
3801c559,
ab695d5c,
f3cb846f,
01e3e4f2,
82e4ff94,
1336e70a,
0a686f56,
f5df400c,
f48a8e0a,
4c0cac5d,
20b09db0,
d7594c69,
378ee8d3,
7369fef0,
3d029290,
3e518a6a,
7936ee63,
9c03d159,
0b6bbe46,
8d6795c3,
ae70b1ee,
f2061a2a,
84dd7712,
c2cf2e3a,
a3241017,
85e158cc,
0fec2e3e,
3f367191,
d9c5707c,
63d2149b,
0bed3fc7,
59f0946e,
16ad92dd,
f299e61e,
efae4d3a,
2b43322a,
419d0872,
77fce2b1,
31555c76,
fce1cc6d,
9576ce49,
b4a73144,
df3eb2cf,
da79de2a,
9577e161,
3c9306ff,
8d9c48a7,
d5f1e838,
62784064,
6cead582,
b20acf8c,
84638f3a,
8c41696f,
2b719486,
6b8ea3af,
c9d68c20,
96d51c1e,
6a138bc9,
1cb13fe6,
5844298a,
9ce00d00,
c68914b3,
14ba20ff,
faa82498,
d73f8f36,
00385766,
ff79f443,
d6fb152f,
c93c7537,
19b6cabb,
97e5e81b,
33e6ab12,
543ad1e9,
32e6e26e,
8cbbaf0a,
a64df332,
28249098,
6f6e2cc9,
b762b3da,
6097ea20,
f021b9be,
bb9ff5ce,
a87dbeaf,
6a1087ed,
81df2f34,
c033a96b,
ff9a9950,
7ffb76b5,
183ba2b5,
cbf6349e,
f0386e26,
fd830138,
fff9b84f,
75c77496,
d6520cd2,
76657024,
144eb266,
8b08ed52,
f7149cc8,
bd5e4585,
b9bf15db,
c9109039,
f265efd7,
24034743,
a1f74c4b,
d5583a14,
13bb2236,
120d107d,
57c55c86,
223c5d3c,
1396b084,
47dbdbf4,
29a75188,
22c7b702,
329caaf3,
4da729c7,
cc1ed3cc,
952dae1f,
ff69a8d9,
bbc6b487,
a43bf867,
4110aeb1,
03dca79f,
12a58146,
0b06450b,
0a3bfa79,
e9474353,
245e03c4,
382b884e,
3bbc6d10,
3350cef3,
7acda55a,
4df71dae,
d21b0a19,
6de29ceb,
43b69f35,
11689c81,
21ec2ac4,
5dd86051,
61b9a14e,
52c54bd3,
38c7a3d5,
2af8bb55,
d04204a9,
1dd3c507,
9dfe2a1b,
3b9792dd,
d5d87312,
fe99b423,
435801e5,
42cc8509,
9eec0f20,
9d84ea69,
d6fca4e2,
c783492a,
75c1623c,
e53cf540,
afd655e1,
e4c41ed3,
8d13549d,
f122ade6,
60c801bb,
642ca56d,
005ef2b7,
f4a9e814,
74b2e0a1,
7b34558e,
f15dc1c6,
9d19fb42,
13a5decf,
14bbc745,
a2b30ad1,
1bedbcd7,
0c6da01d,
f62fa16b,
683311d6,
ce3da67d,
f46d1db0,
13d7fc73,
8c091451,
7c9f40e9,
d3573cae,
a8309e72,
0e2e03b8,
e893fbc0,
1a9cc650,
f1d4fdc1,
0b3361f3,
af6ea5b2,
9c4abbc7,
2f647244,
34968e9e,
3ffcc85f,
c007b1f0,
3516def1,
9690fce6,
0bbb53e7,
e731358d,
a5988b48,
e98c66bb,
934022f1,
04236682,
d8b1b779,
534a829a,
61eba97a,
67077a7d,
cf85c06c,
b3246d43,
cfd6bf7d,
c663d8b5,
335336ec,
2c17d4f7,
4c7321cb,
ad3fbfe1,
1b2357d3,
11acd2cd,
373b3699,
14d08d9e,
5f52a3db,
a4f16947,
73fa2c10,
ff750223,
78dea02a,
4ac0b4b8,
764fc1df,
0acbfbc0,
679b0589,
8ffae343,
c74a3287,
beabd76d,
13450845,
e7247401,
691db11b,
d5b94195,
36fb0e78,
1a15a9b3,
9c945dd8,
7506f6e0,
395242f8,
f2daca17,
56ca1fd1,
974a7dd8,
ca253a5f,
4fc8e94a,
0d0eb745,
f162767a,
6958b0b8,
a613e9c1,
3f84b2ae,
b75d4331,
9a4d7dd1,
1983626a,
4e99f218,
53c140b8,
8b0882db,
882c53a7,
ea17c1fd,
7e29a341,
6a4bf971,
1809ba6c,
f491c767,
840eb11e,
7de6cd30,
15535bc1,
50175c40,
f0d40904,
b86fd0f1,
afeefac5,
b25a5dd1,
59d8617a,
161a9ee8,
d1247863,
d0bb07cd,
c27d6ed1,
966823f9,
3168cec7,
578ba615,
7213cb97,
1c9276a5,
e1354e78,
0600d3a4,
63462279,
29cc37e9,
90afba16,
1fbda6e6,
dc93d107,
6bc8addc,
bfc6cfc4,
e54ae845,
8cc64a7e,
795d5ec9,
e68be6f7,
a1ab5155,
34b5a8b9,
8c95031e,
13b677d3,
e0c3b730,
b257aec5,
928c01ed,
9ef647d4,
ac67e9a3,
36772f1c,
d388d7f1,
c8a9b99b,
3cb001ae,
a708c472,
0a0556c5,
9b418798,
79be5f30,
dadc827d,
ada012ad,
c5a8bdd0,
a3f04688,
5790456a,
14c44e99,
568af7ea,
16a45720,
b49c8193,
dbf79039,
7000419a,
e4f8a031,
06f2cafc,
2426c450,
6d7a0d4d,
8e81ec4f,
dc74586a,
4666d36d,
1dc4ef9f,
ba934047,
7e60dfca,
e2c6cc62,
2e739aa9,
892e7264,
83310a51,
5d6d01dc,
cd551f34,
0639d2fd,
1996701d,
0f9f9d32,
9f89dc23,
f940c967,
576a110d,
d9ea085e,
040e870d,
5ac2c9be,
3d88b68e,
fdf8345a,
6dfb5608,
2df960b0,
367cefb1,
08d4d2b8,
9c9eb285,
9a0abd87,
855ff731,
6debfd58,
42eb93f6,
539b44c3,
9cb03bc1,
49ecdb6d,
2dafdd21,
6b7af2fa,
56dd2db3,
a7f7445d,
23e43276,
6d507377,
badeaa27,
8c022242,
d794883e,
9316a1f8,
6d930d7a,
2b016207,
d5a03b34,
a3eb3849,
4e5eefe7,
6c70feb4,
940d920a,
4b309648,
681ead89,
f2c77675,
56c48d94,
aeae8eb4,
4a8daed2,
d28b2f0a,
e5a8b073,
277cf9e4,
5f6b3828,
ea485da6,
33b11c61,
3a6fefb6,
e592e836,
dbed8d27,
e41b77db,
6e2d82bc,
cab44a53,
b93165f8,
50324e3e,
e5f8e14f,
1b304f79,
58fd2054,
e7b7d199,
f7d25c65,
2d32780e,
8bbb36c2,
d29f3053,
4833627c,
3d38873b,
83a82b94,
73c8a05c,
4c25d186,
932bbfad,
028c4799,
169eb84a,
27c2de85,
dadd4f93,
de1e8de2,
b22501cd,
e5e7f4a5,
8d9c9ac0,
dae39be2,
3c456b70,
71633aaf,
520fd7b7,
a1dc3fd5,
f8971908,
c30ffed0,
6296de7c,
4390d4eb,
ec7395a2,
be6efbc2,
0a3bc0f4,
a2289732,
c2c6c19f,
37cf7a99,
1cc971e1,
cf60ca60,
7f66309b,
3376ffc6,
d7d35907,
e0d9e5f1,
fda44097,
2b215b84,
fa45096a,
7597b62d,
183e848a,
a5b35d37,
8216442e,
0dadd5a8,
aa628ea5,
1f248385,
1bedbe8c,
648db193,
082333ad,
d1956e7e,
920298db,
38699e26,
54e95056,
1a41e54b,
b625f46d,
2d7db684,
c8e48571,
d133df19,
934bc819,
fd958f41,
b643cd2c,
a8f44de3,
ccf7fbff,
09342acb,
d52fe096,
c2ca14d9,
de505b35,
6951c13d,
a10a3ef0,
94840afe,
537d17ae,
ef0dac0a,
a9d77c30,
fb52a523,
a6c26c72,
dc3c381b,
f8a91653,
e3a48866,
8ec6f01b,
f8190a5b,
19daf43c,
c8355bb5,
a94af994,
f2ba8f29,
c74ef70b,
441542fc,
f69b663b,
2f7340cb,
6f581903,
bf2ec1e1,
24892922,
fd9d3de3,
a50d8dd2,
55f6f8e4,
929cbe92,
517c6794,
c2656aad,
1adc6315,
ae758944,
9ef35a44,
080885fb,
2a9ad233,
de4656e4,
ccc1ac1a,
5762be48,
f5fa88a4,
5988ea67,
970a39f1,
50893c46,
0edabd87,
5702c056,
40ed5833,
b9fa7332,
aaf56994,
8ec55bad,
355bbd85,
d66d6164,
19ead523,
40b1a9eb,
fff45eee,
2de24075,
6b789616,
522b4f12,
6a9fdce4,
6dd37c49,
98955621,
1a95905f,
1927c2c4,
8060c5c6,
046853d0,
de750dc6,
60548062,
edf211b9,
28f64df4,
3e5db6c6,
78c8df5b,
a5e6b850,
f31b3604,
f0ea21be,
3078e72b,
0e8743f4,
e4aa8eb8,
8c2993e4,
7839a6df,
33f8f33e,
c87f5bfe,
8d3fb6d3,
87fb176f,
e11c6095,
e416863c,
b6e924d7,
a865c817,
f3f289bb,
8ee99473,
9cec4e81,
8b2f64aa,
3d78c308,
c290feec,
b6bfdffb,
cae70518,
ecf3cea7,
ce776365,
7f76aa9e,
4557b07d,
11a728a5,
279ec7fe,
ee5b8d89,
19e0d1e6,
9b1fe209,
c5f74c45,
8c89512c,
225b6757,
3891636a,
bde23319,
ea7dcfd8,
e886839c,
fb7c71fa,
95d3514f,
04ca9ab5,
16fea662,
832f3b27,
00bac724,
2be6e542,
0e0d145e,
3c82485a,
b07e93d3,
4e70b8a7,
3721efeb,
23121a08,
8ed33d3c,
48632cac,
c65ee792,
dc2d6f61,
8aa677d9,
f690ea16,
9f7fe41f,
0f171bbe,
c63b9acc,
6b1746d8,
b7a5f0e7,
6af21358,
2e469626,
47f86cee,
0537d69d,
2eb451ef,
dfa251e9,
c4b88839,
2c07f151,
cabae687,
55c4d5cb,
44a6dd2b,
19511709,
6c46d116,
7cc3b84a,
205b7f96,
eb8e1b53,
9a2b8414,
c0137915,
4f9bc748,
5e8dc027,
7d4de81c,
1497851c,
7b11300c,
bdebb622,
f02f484c,
c9091568,
52e6c832,
6464f3a2,
8820f7c6,
1a2f9501,
9e2cb6b3,
c0ff01a0,
eb6fc565,
c53cb9a2,
7fb71b93,
1cd863e6,
c219fdce,
29504a8c,
9f28f421,
55f6c8c1,
c85160bd,
b9918c06,
26fbf8c4,
b10dfe83,
af257544,
c70a57af,
e3fb2d7a,
1f13650e,
3438d14f,
8e17601d,
57f7527c,
fb11bcaf,
3917128d,
e2205d27,
d2ed7271,
f16ce482,
6618615c,
f7ae27c9,
13c7bc98,
5cde0f17,
c218947a,
9729fc99,
474d4ae3,
32b1c20c,
d382eb8e,
ec298233,
3428081f,
09f426bf,
0c774220,
9ad8bfda,
e064992a,
2c14b13f,
18d8048b,
24f8dfeb,
4f73b254,
f55a192d,
587a28a6,
a037ae16,
ead5340d,
445798a7,
0e5c076d,
9ecfaf9e,
41391141,
6c505cd0,
fa592899,
c9f0c3e6,
45b07748,
72ec249b,
ddbc7556,
9258dfc4,
4032608d,
77d2631c,
49cebc00,
405edcb1,
32c9bc7d,
2ff015a7,
0088fe94,
62e903ce,
a643f8ec,
be4c52a1,
0c03486c,
17760526,
4512fa4c,
ea791334,
4913ff36,
3b88c91c,
86124b09,
c5280ed0,
33ad0479,
9eb9f13a,
d2f4373b,
da157d23,
8bac09a0,
6878e9b1,
77df9d17,
11c6653a,
12a443d8,
7e143ed9,
6c7f2261,
07eb7b31,
f81cf5a0,
8d19b92e,
f0646d2e,
04daf72d,
67025375,
43c6e39e,
8226fe2a,
652ac7ca,
e0a87f94,
54f87122,
e2175ac6,
da8e033f,
f3df0fdc,
7f4f675e,
e08a8cb4,
d77a4425,
24fd095b,
ce883ed6,
bd93464b,
2b029a9b,
86b323f0,
54fea3c5,
49e19a12,
b667165b,
8292eac8,
6fd3d33c,
e56f02fc,
22b7abdc,
397e26e7,
2d352b8d,
cdc3b094,
3298870a,
09d86a17,
cd4ac85f,
70bed98c,
533d0b67,
9ddc803b,
a882dc5d,
3a4c27cb,
9d20939b,
a1779f21,
dad9777a,
00e9c6ca,
b993180b,
59f0acb5,
5914a81b,
e692c885,
505add0a,
be546659,
42adcac7,
0c490cd4,
96925494,
c15c8125,
9be24d6a,
a330b97b,
fb4a6aa6,
6a805acf,
593cd86f,
5101b8b6,
207147b9,
234fdaeb,
f0763183,
3bd20f64,
e6705632,
438978b4,
a1b2d58c,
58442527,
fd1b2304,
01a55098,
0bf01357,
3bac7eea,
79290016,
f6ce1a83,
32a77f78,
b569ab44,
0fc2bb98,
816531d1,
983a33a1,
be7394b4,
2fd72bf4,
6e457a19,
103d1966,
7b4a9fb2,
e0cf52db,
0af9ea0e,
cefa45fa,
a7b489cd,
ceb0c201,
c64f56cf,
4a14392e,
a4189a6a,
6c0630c0,
403eaff0,
79fc0318,
d4a759f3,
fb7c3c58,
50fb151d,
eb620863,
ab1dab2e,
14c2db15,
c4825c38,
e69f41d7,
5cde2e1b,
cff15f04,
8b076bec,
f95b625f,
9be81990,
cd36c0c4,
403c71a3,
6feecbb2,
3e7d2774,
d28aa4c9,
0130e1e7,
321df112,
dda778b1,
e50bc3b7,
44aee2f5,
c10c14e5,
8cf4343b,
283d1e99,
06259c74,
be353587,
7f54b621,
59e5e4f5,
4777a536,
2a2a8aa3,
ca9fe091,
45b37ce1,
eb1d141b,
6a63a3b9,
51e33c7e,
f5f1ab73,
604dfcc2,
aae3c9da,
b06e368f,
f6ca1079,
fc8dcc15,
8108be01,
b1474736,
9e037fb5,
712a1cb5,
9ac7194d,
c8319fd8,
02be7341,
b5f4e5d1,
0b555bd8,
0db01f8a,
bf13e7f9,
df259d50,
63c71e27,
774621db,
68d1b490,
097100d5,
0b3825d8,
62525ca5,
e696419d,
d73cba65,
ee479c6e,
657a4d88,
741de590,
a670456a,
e8507697,
be6a841b,
a76536b6,
2d20e752,
b76badf8,
aa33822f,
0dadb54e,
83d08a53,
1cf21480,
02f9a6df,
197f87c9,
89b83ce1,
56a0f72c,
d410e095,
9d3caddf,
1cc54c45,
ba2fee00,
d7e8c658,
1ac12fd0,
983c3bf5,
78078c86,
e9d20259,
50bac74f,
a7123fb6,
e1e2a362,
4fe3b545,
629f1348,
aa30d67b,
d12f56ef,
6015ba62,
efb3bedf,
51dcfb9c,
8f4da557,
8f65e5f6,
63cfd39e,
9a97d77b,
4892bfae,
c808cd7e,
8f48eb38,
9cb0a73c,
b40319c2,
450dad74,
cef7ceac,
4c0494f0,
90267053,
7abe8e9c,
0ed420d3,
5aa82066,
a5d2e58e,
3515583d,
4e7bcc99,
99863609,
2995b8cb,
d3bec477,
36f260eb,
79fa98c2,
30af76d5,
b0070bb0,
c7b61d76,
d0992614,
bb639a70,
8e932db7,
f758e09a,
f9fa57cd,
96051f44,
5022b6db,
66b6d44a,
786c59de,
fdac4fbb,
3c2ded60,
8172ed62,
b06e3958,
6db7cb53,
4d1c51ec,
3845425b,
fa656c08,
344c435f,
afb49c67,
b040b0e0,
3690aaf5,
12655d54,
db94871e,
832adabb,
771d2f74,
4a43b61d,
d9d42985,
737196e1,
3b6d64a2,
5ea5332d,
3a003b0e,
3e134975,
d3c8cebe,
c959f88c,
7b69a22b,
38bbe71d,
4a8624f7,
e5a2ac0b,
a9e61aeb,
6c09659c,
42d29386,
419d4ce4,
aa05d1b9,
f055304f,
de054162,
4d21214f,
641d5b25,
8702019f,
e5ab5d67,
dc963748,
164da60a,
dcd8277b,
11607975,
cc29fbb8,
d7229da2,
9624b70e,
858f601b,
01ed4c11,
2b8e1d09,
91d0294b,
b9a13b7e,
9a883481,
8c3913ff,
083d9dff,
c0fbadb4,
63bf4195,
7f014fef,
33f46235,
881951a8,
11477e12,
21cd6698,
ff00d0f1,
7c48812c,
d600e497,
28f1654e,
35f42081,
1795175c,
e7ffde73,
9f7da5be,
e35affbd,
0a14469d,
be041582,
d8b1ba5d,
73686dea,
0c08084a,
c2a4d0fd,
15effae3,
0af47621,
948723b3,
93bbba2c,
4fafce3d,
d2b1b8a9,
3d032c08,
521ccffe,
e1c28fa2,
f7b593a0,
787acf53,
3199348d,
11730eff,
7c25dd5a,
c9c42b68,
9a400c84,
22c933bf,
33a8df70,
2d160c34,
50d2ead0,
b782d915,
22f954d3,
8fbde3bc,
2186f9eb,
ab0b4bb7,
7b35fc00,
1572f613,
a70b790e,
e3d91455,
143bae5d,
f62325a5,
d4256962,
eace9dee,
2caaa403,
de1ec4a9,
184cd854,
1eb7e37f,
edea43ab,
014f54f4,
dd3a85ad,
e296e2d2,
0f02c44d,
69b90eed,
2f504ea1,
f92b4d96,
db412e5f,
ddf6355d,
bccff319,
5b2f2156,
3212b299,
c296401c,
85fcefcb,
9b92d2b2,
67c16087,
534c25a9,
56eba242,
c7f6d126,
867aeb24,
d521831a,
fe64e9a1,
62cab0a7,
5f1b5c17,
f3c65bee,
a9ad0477,
3d72f790,
47b4f9a4,
af4979a3,
e0226556,
105fabf9,
b87a2c7c,
d4252dff,
9cd0eea0,
24f1f89a,
4f612865,
e0d53817,
8531cfe5,
e2a4ee83,
92bfe7d7,
b12cb0fb,
28753b3c,
91d81f35,
91168b48,
c4ca2415,
83b84c15,
688c6165,
a8bef156,
f6af0d73,
7d2b0275,
42f4adcd,
62fc8ef3,
2fb37d13,
b1e44a80,
60e10b27,
a075c677,
71a5a037,
f9760317,
0592c6ec,
ee3b505a,
d8673f26,
cea79dc2,
47866567,
0546a67a,
b27a04f1,
8b00488d,
7316a0e1,
240501e2,
0153395d,
1f42ac25,
f006df4a,
90311e65,
e260e7be,
a026619e,
1ebb71d6,
1651f11b,
54fce233,
a82d9a5e,
cc855941,
5d8b6c42,
06652ae8,
f04723a7,
32022d38,
accb86b2,
9955219a,
d39f5f7c,
909c4dda,
3d067979,
b376951e,
d7f6dd6b,
d421f3aa,
230dbac8,
4fb17be9,
d5d21d2b,
b10a21c8,
c0650fbc,
a1f5b42c,
c16a9075,
fa413a2d,
79f71ca0,
971e7224,
3782cd61,
2f86d0a3,
129ef0d8,
af161d0e,
0a58751d,
547847c5,
f3d0c745,
262b33cf,
212f2802,
45ddf6dd,
54727f27,
d452edb9,
5c10cb8a,
19116f4c,
14a39b8f,
44b01462,
4019851f,
efe24693,
5adb0127,
1880adc2,
5dbda97e,
c784aa3a,
3689003f,
f82e77b6,
268b7afb,
245de6ee,
02bf2a97,
b0542a5c,
fd6903b4,
96af649e,
3cc9d187,
01e91f5a,
47ff6e93,
3e21f0f5,
e14c6a6f,
28ff39b5,
9d88927c,
fd0276ce,
94cf6404,
88b1782c,
8d0fdde3,
fb4f9cd6,
0de04863,
f47f7a36,
07969ed0,
ab2cfd31,
64ce25f9,
a19f1203,
60f93e7b,
e38afbb5,
932e31fc,
07363874,
f62f6e7e,
4db1647d,
020cc7b9,
13e10f3d,
5e5d2f26,
11484398,
b81a9f30,
4ccad7aa,
c7df2a8e,
dd776602,
4c5c0694,
d0f15976,
cff33899,
e6ec7f3b,
3e52f661,
3cd860e2,
a8e03729,
0eacab5f,
c3d90c30,
a01449d0,
f3e87992,
c8304edf,
fa803800,
b5d37525,
247c5c18,
9c065b90,
3f5a6c04,
7d2dff37,
b269fafd,
98cb7276,
09abc99e,
6e7635a8,
18cedf9a,
16487327,
dc3cac47,
0bc33a67,
3ddc442d,
afde0d7e,
8da9e0ef,
30e5fd6c,
70d47d31,
637bc0cd,
4d6010c5,
2118c480,
04cec93f,
33a41e97,
c719cd5a,
7576a3db,
408b10bc,
b5b93e04,
faa62c21,
47adcc67,
517c05d3,
140a5610,
787974f7,
593f2cc8,
cf006aef,
8b1106d9,
e42e1bd4,
499188ac,
c23adf10,
96031df2,
400a054e,
10e28f8b,
aaabec47,
bfbac0d6,
b05c8c57,
0a8f4be7,
1c6eac82,
d9a687bb,
47112327,
d72791ab,
32cabc3f,
af1fb011,
eb79559e,
b444ace8,
75dfc471,
2d0797c9,
710d0ae2,
602c82b0,
bd536bb3,
49ac8413,
c2363940,
7ae0b9ef,
e5c199c5,
21330eef,
e173b3c0,
c54ac0a2,
0438f018,
4647b805,
36acb17a,
f6f492e2,
4663e042,
2b21dd2a,
015eab86,
167f8fef,
4dbb83b3,
c77432ee,
201f41c8,
3b213ebb,
bc0e697a,
76553742,
fb7116b7,
da9c6b90,
20df91d0,
76228d14,
86b34cef,
3bb68f3f,
c3dcec70,
597ce938,
460e736b,
1de55288,
2b57428d,
0e9da501,
524cd28c,
00303a68,
79f7154d,
a2755cd5,
a28786ee,
2454e318,
f5ccab59,
5e4f1dba,
76dec1f8,
49fb2704,
2961f3d4,
581e3228,
ea04cbbc,
96c3538b,
e9f4bde7,
2590f3fb,
9496c516,
79100212,
026bac01,
bf17611d,
ebb53044,
3e9aecb5,
da57739c,
6ab98ccf,
467f7c88,
80229872,
b2e3c29f,
f46fd1cc,
49b9944c,
44cc53ea,
f400f489,
157e4ad8,
7fb9100a,
da3afe74,
26566918,
a268ff18,
4de2e187,
73581463,
bd26e5a2,
f926681f,
485ef877,
1d89ffba,
d41aad5b,
04ed9674,
d5bd3dc4,
92a56ea7,
0b7eebeb,
f6977dfa,
31fb0302,
c8267e12,
f872fb2a,
c60c8f92,
33d9224c,
83f9a850,
c6583d32,
ea2b4d59,
7d9308a5,
8be57a51,
38861419,
81e773c3,
66936026,
b990b444,
882cacfc,
a22262eb,
195e5fb2,
18ccb9ae,
bc4ad68c,
89baa7fe,
3e9dc698,
4596d623,
34b5cb9e,
ebbf739a,
77b515cb,
fc78a20c,
5c909291,
bd5cb6d5,
8015f205,
9f0e2d4c,
c01a749c,
b85bb039,
0939e382,
67de1497,
b5d43162,
ce4d8e27,
316f10f4,
ba707d95,
5eeb9712,
b6b25972,
2803ed56,
f16bacf2,
ec012403,
1cf2d6ce,
2db9a396,
17c33666,
a20f9450,
6e43ac7e,
8fa2e913,
4e43358a,
1b89a8d4,
199df8cf,
d8ff1f48,
4f35f896,
35fe086a,
ea3d6ee5,
eb0ef5f8,
d8c9c220,
c555c86e,
fe0e9da6,
fa4e54c9,
3499463e,
c5da4eab,
bfebe23f,
aac12ba6,
8c2622ba,
35f6a14e,
8ac7f70b,
cd0aee3c,
4cce6e17,
93589423,
b942dc62,
d79ba75c,
28ac30b7,
40fd86ab,
cd594de5,
2ffe1e8d,
99851b72,
8c417488,
23421f12,
3c9a24d0,
7c12fce3,
db7ef203,
162320b7,
f5c1b5fd,
88f70552,
1060cf07,
2d79559b,
3656f9d6,
e3d0dc81,
57a389bb,
b3c8c2d9,
1e42a8f3,
e97d790c,
b2dd20c7,
3b220e9e,
8a694f5a,
b21c2e9b,
a2d96f52,
79a49d5c,
b00191e2,
c870b30f,
3a59bd7c,
cb9ad5ff,
68975d0d,
2b51198a,
5b3effdc,
02f00723,
97a6e3ca,
6cdd3149,
8b9a089e,
826801d7,
57b83e20,
90337a32,
f09f7ec0,
494ae768,
0bc389a1,
d78c6e2e,
6f172bf6,
54fec97f,
93531283,
c6275e3b,
1e2c1f59,
b4eb9149,
b3472488,
9a2821e7,
26bd4cba,
7ae8bf83,
e11dfbcb,
c20e2347,
7159b084,
e0514837,
08ba1696,
e2fd8a0e,
1d60cdbe,
68ed525d,
9c5e3385,
487121fb,
3ebfe72a,
4b9268e1,
f3d065e8,
b9404e40,
78a0e7db,
aef6933a,
753ea5f6,
1f13d1b1,
337f26f6,
6989ae39,
711b96f7,
131cd693,
1d8af541,
91792fee,
adc802d8,
1800aa5f,
701b6f80,
bbcd778a,
e6acc187,
395e9cd9,
a6c3b18c,
203cd14e,
e37dedd5,
ea257567,
f3cf2d04,
32f59aa9,
08e9e6ff,
70b0061f,
aa9c3021,
98116181,
3ce54835,
82a7a320,
5a594fa3,
24a8f57b,
f1b9ba5c,
b3892c35,
2f5c43b9,
9a0e678f,
753ff33c,
794816a4,
49e1a14d,
8e49b7fa,
fe3f85bf,
28264157,
f0c529aa,
011cc068,
03b31ef9,
a85baf11,
f98df053,
bb861d1a,
3196210e,
0c1363b0,
6e0c4cb4,
9a374f2a,
0c163950,
b3b2ae2f,
2774e3af,
8c5a15ee,
4f4cf26d,
d7bc4f4d,
1879c991,
77ad0a23,
cfb7f631,
e00cc979,
ad410f81,
3119c4a8,
7a1a3868,
e4be6b40,
950d60cc,
38f15d58,
10c86a6e,
0f43d315,
14970cc6,
8ab6b7e3,
70ac7403,
de9dfeae,
60cec5dc,
1888e723,
8640c3ad,
0aed947b,
488feb22,
e3422ebf,
7d614c2a,
432e1514,
664240ba,
7c78226d,
4e8ecc5b,
15e9b0dd,
53690faf,
7f415b3c,
cde7aadb,
cf72697b,
cc9d1463,
b70e470b,
fccfef0c,
622cfeae,
7f4ae740,
d9d7e241,
85ffdfa1,
252aeff4,
56fd952e,
94337f13,
e7758864,
602378d9,
27c8343a,
e1480cab,
8cf0fa15,
e757a09d,
9e2840b6,
e3752989,
ad8a876f,
13387fbf,
3c0cd1bb,
032cf0dd,
a97fd7c3,
5218928c,
48545178,
c906a360,
55eec831,
32720701,
03bd0c1a,
0cc26223,
5138e852,
f524f40b,
331d853d,
2c54e512,
3e5e2f84,
3602dce3,
ac003e71,
d22426f2,
00fb8824,
e27d3b1f,
736466ef,
878bc8ef,
b8667c5e,
ca274083,
2377757a,
fe7029a4,
50898925,
dc04b148,
45736f9d,
ee02d066,
34547729,
442ecdc5,
0c909a7e,
dc16b8ac,
07831e41,
fec9cc96,
ef5ce410,
d2ab109b,
88f14261,
fdb2572e,
1dd4ee78,
d24dacf4,
18b6ac1e,
4520e6a9,
c57a1547,
65411925,
d03d58a2,
2dcd2aef,
5406df46,
66192771,
70da5bb2,
aab0a433,
c40bbadd,
cf27be28,
41c8bdd4,
e828e469,
e2ff07e6,
8f50c828,
bc2fbae7,
9527f0c7,
010bd691,
d0cf9cb9,
086d116d,
56152bce,
329695fe,
8a830eac,
c9ba0994,
a9165727,
aaaec6fe,
417204f0,
47097e04,
2af1d2b7,
a07895fb,
592b70d9,
6e3f2ef5,
d976a068,
9e9ea51c,
8e45d00e,
509d7bb7,
1922bc94,
8434008c,
d65f8ab1,
00b27cab,
2d024a21,
7b037b6f,
053fb013,
9efd0976,
1db61344,
2b58c904,
14274bfb,
f3728400,
36e3d1e7,
1c93111f,
531b0d8e,
11646d8c,
0c6594b9,
5b3d8edc,
0acd268d,
e68310f4,
53de2699,
54d118a8,
78a8b140,
21167971,
49c20fd3,
6b31583a,
269f975a,
7a2c5876,
59a74fe3,
cf535dd1,
901154f7,
01f3fa11,
c8ed6a86,
aad4ba60,
96f6e76b,
47fb3b37,
634f7c14,
3a75a9a5,
670c2082,
b89e2dd0,
885c1165,
7d543c26,
3303e3f1,
75f5a29b,
3f8a9f8a,
1f8b50d4,
6dd8f43a,
4a9a99f9,
459e5250,
f6569800,
6601802f,
57a2cad2,
b3ebe88a,
895195a2,
37d07b5f,
c586b7e7,
d3299997,
be50d5ad,
1aad4af2,
fc06d002,
f4dc489e,
94fbc0f8,
3006b7ef,
c230f622,
53bc1ef3,
9949c2f2,
9786da0a,
8084d81a,
237677b5,
e1108ac9,
d5a6bc7f,
087c9514,
7df9ef8d,
a81a6a82,
9c64a80f,
cd7a5412,
e08f8b6d,
0df02cbc,
20c982ef,
5bfd7040,
03d61091,
21880da9,
c89fecec,
969068c7,
2fd77322,
b6d8d15e,
bffc5673,
fbd1f0e0,
9303f8f6,
b6639b3c,
df415ea8,
334cc2f2,
6cf23323,
ef301095,
c6e99ef8,
25770b03,
d6f7effa,
f597f2ac,
5d096a32,
7c7edb6c,
f1e6b585,
8a4b7d64,
51a79f40,
41baf2bd,
0ac95a56,
e302da0f,
20fc024e,
8bee7b01,
57e6c236,
b7a7d3d5,
bfb5d97b,
5ee4b04e,
0b479d39,
40353171,
b8060dae,
8a58af29,
a28a5e7a,
ff8df1af,
cbcbb6ee,
786c28cd,
4389ff76,
6162ced4,
89d8bc11,
2d2c51d6,
789544c9,
4107da1b,
4a6ee178,
fe71b207,
d088ee8e,
eaaec6d8,
8bcdb45c,
0778bca0,
d4aa7841,
de13466d,
e9fd1a46,
e50ce391,
699ecb77,
95d77d73,
be33330d,
2310d88d,
5bc16a4e,
37946f0c,
146b9d50,
7ee79dc7,
a715cf4d,
65db22d2,
f3d25223,
604af01b,
5f46c739,
ddc81b47,
978f0bdb,
d34d1d37,
4662630f,
09bfc03b,
3ca25366,
260e5e52,
3afcccdf,
f06c9cb1,
b755ec5e,
1b8a0254,
490eb1ae,
1279f582,
d9e97fca,
f2d0b770,
f7dc166c,
85408622,
568e2fc9,
67762c16,
d7e36c5a,
d7b56f4a,
5d0cf8fe,
219670a8,
17942121,
c61dee66,
5d27a822,
946bf8f8,
1023171f,
bff8211b,
a050ac13,
e6632f56,
ccaf4bcd,
89494d4f,
da55d992,
e0bf3c66,
fc9de3ff,
b283b1f1,
7ef144b9,
a08e488d,
596e212f,
e0a67adb,
c2a0cd63,
ea4f9107,
6cb37e51,
7d34d446,
f595922b,
d7808486,
eeba91ab,
bdd22fb9,
17434ef1,
1317dc8d,
95979c46,
1aa69ddb,
99797d1d,
a8c6ec21,
43222002,
6a57015e,
d62cdeb4,
ad85f262,
ec11d96c,
29eb071d,
57e29371,
9487cf5d,
51f3f8fa,
688fa1b9,
f6c9da13,
750fa4b7,
23142bb0,
74dcc9b5,
5e3a49b3,
84006ebb,
472ff4f7,
1dc5aa36,
8e0ea45a,
e3a0c9a7,
6c320ddc,
37aceb04,
3883c3fe,
759dc1e6,
400edee1,
d7908146,
2e37078a,
9baea748,
4f17687d,
2f3900b9,
524b578b,
cf2ca6c2,
e04b7412,
70d61c8a,
cb19dd62,
aea40b0e,
23678322,
eba234df,
14ea478c,
1605a709,
db9a94bc,
08d61c1a,
6e98311d,
99a8624d,
057dabd3,
d44de5c2,
197cde2a,
8a312966,
610db8b7,
70dcbb6e,
6740bd5f,
2f6d008d,
1f11fc8d,
595f8937,
6992889d,
53567460,
74519505,
dbc4f8ac,
48036265,
6bf726b8,
931b7fab,
d036fd6a,
fdeb8df2,
71a8db69,
8accacd7,
aea52a86,
d4dc72b7,
4618ce98,
cd3a8fe5,
26d171f6,
46510a5c,
7196e8d5,
46007455,
5aca3d34,
d93b1616,
3ffbe337,
094a80e8,
5a38f4d4,
f39348b9,
6e5afc3e,
8c5493e8,
fe4a6043,
982acdb7,
900b7385,
68405cab,
a634f97a,
dc5cb41a,
a9a0322f,
bd9a65a5,
1f9cb4ed,
b30f1c2e,
a4836bd1,
77037636,
7f37f5cf,
b6a1d4ca,
0d4fdfa8,
7c42aca3,
2a3dc788,
92eb31c4,
e7e46a23,
ca06b464,
d3bf41da,
5a0aa5ba,
1b5304db,
5a00951f,
7c660778,
7d2b27d6,
0e79ab82,
52665026,
1706fe5d,
a56e84a1,
947299d5,
b636ace7,
b2e2e176,
382bb114,
6a0ff733,
18128a2b,
2db3efd0,
7706d953,
c71e274a,
489917d9,
c926280c,
366eb202,
bb97fb07,
9333ede9,
10090145,
bf8b155f,
f35c2141,
45478ab0,
61040855,
ee306d3d,
80393f9d,
4b2f3d95,
477fc12e,
d9995399,
eb66829a,
b49a43cd,
581b0964,
fa2672d5,
7b22aff5,
724febc5,
2fa0649e,
71a420de,
518b2cf2,
ede51f81,
38244bc6,
4548ac34,
33a80430,
6b907c6d,
ca1676c8,
89dede8b,
e8fa21bb,
9e5cf8db,
b88572a2,
7455f796,
b03d84f8,
5809fe45,
4afb961f,
688b83f7,
329db787,
95cc31b0,
1c879bb4,
4632d8f9,
d8196b6a,
d25ddca3,
d131971e,
c182e6f8,
5d3e1669,
76a1aaab,
6be715fd,
768cd60f,
833329de,
81e225ea,
78ec576a,
d591f8b2,
7c0376c7,
49cd2821,
4d84aa20,
1e7a8e6d,
59b712b2,
aa3d7bb2,
b312cab8,
575ddab8,
af935872,
03679a97,
4e13d88c,
66a5a48b,
eb6f1feb,
404e4790,
1751f077,
a3443b93,
36946d09,
579cec7c,
f2b7ad52,
ee40319b,
f9fe809c,
13be788c,
42e75213,
20883188,
517eb028,
9afcccab,
daf19aa2,
f1f87bfa,
547856fa,
2c8c10f6,
b6cf8089,
8fab4bad,
fee9ed03,
016a478d,
691a95ff,
11b58fd6,
f8bbdfac,
9a3e1ba1,
d49d691b,
9871f12b,
4e823623,
8980d919,
c3d1c167,
88940c2e,
95f365cb,
a576c1aa,
b84e0885,
7d835dc3,
8388af38,
7156316f,
d89c6bed,
d2a467c5,
8639dc0e,
0728caff,
e3c5b6a3,
b735103f,
df8417eb,
931ec402,
ca0f2450,
cc18b4d2,
2872fbe6,
420179b5,
7d2ac8e9,
ddc61c0e,
9bee7ad5,
dd407e9c,
257b8b36,
b2791216,
539dcb18,
8a53a492,
26341bae,
16fbd146,
56ba0a5a,
b10b3536,
0590e583,
2be6e45a,
d9be760e,
0b94bfd2,
10b171f1,
04dc95dd,
bd1fa5c3,
fa4e9811,
56961038,
8bc481fe,
16e6e1cb,
e92bdf62,
0c98093e,
557c2300,
94e2ad50,
88d37990,
6c135d50,
a6db11d3,
0fac2911,
ac2682f5,
788199cf,
84f73e7d,
2b75228e,
70176328,
2029b22f,
885988c3,
06058ed7,
3421f9d7,
38dbd7bf,
c02a432a,
48f3fe43,
4c00771c,
f4751d8e,
85bb97a7,
f151072d,
097cd216,
b2828606,
c553f9f4,
3bd975d4,
a2fa5084,
aed23f96,
e740c1bd,
265acb3c,
271afb17,
68e9d476,
2d0d7d90,
db325168,
3d411630,
a27d7680,
b3358197,
44cac5f1,
c047bdab,
a84d639f,
bcaea810,
8a2649d2,
3fc552ca,
d67a6048,
0961b3e2,
a7af1258,
a15ed567,
4c3aaac4,
caa83444,
32f60e73,
220ede2f,
a190bab9,
326eef9f,
e6a56364,
4e59b5bf,
520d9671,
d5d07a94,
11b6e88c,
18cfd9b2,
34cf2f2d,
603d0265,
a51e4d10,
a732f468,
cf581652,
96cd5332,
c2667b31,
61808a37,
c12b3183,
36852582,
42cb8499,
7044cb13,
95a056c2,
c4ddf82a,
c3089f2c,
51afb51a,
bae624ef,
50e7f23b,
3a40d9e4,
e9de7e2c,
da94df2a,
c0f9ae7a,
0dbc6620,
917821e0,
486d8fbf,
3cb4f7cd,
e57aa749,
0cd09e31,
c294b327,
4b5dbcff,
4da67742,
eca3cdb4,
e0d8a21d,
6e2bca83,
1c7e0f90,
96c24625,
2a33f25a,
d4e033e3,
5db499aa,
42ea63a8,
cd56afc6,
2b6a88bd,
191d80b8,
db37e0ec,
c4580517,
e13b3c66,
502dd2fc,
75ce2be2,
de8527b5,
ed5b7e50,
05f73c09,
b2279ecf,
72e1ec79,
a609dbd0,
a497bd39,
dcaefbbb,
05362703,
ecb9e715,
0e02b41a,
4016375f,
4ad67176,
4e58a3f3,
59892b66,
1e5a0cf7,
037e41b8,
06d9c695,
edec4479,
dd866728,
00abc7ed,
728a76f2,
07624d39,
3d390847,
62f438cc,
5490b294,
71b2c7a7,
a4aa5839,
3dded833,
0d96cd8f,
687e7a9c,
1d9baa8e,
d340ec0c,
261ea867,
c4a229f5,
4d9eb19f,
ff132881,
dea62551,
33a27624,
6f34d7a1,
5072e61e,
39663d74,
2ee1b3ad,
ea80b1e8,
fd37e3f1,
50e92112,
ccbd815a,
60ca119e,
be7e37ac,
81f9d158,
022f9086,
41625f5c,
1c0c6a36,
4e3100a3,
57d10632,
55617545,
5321aefb,
a84c9bc4,
093e2151,
ea61f538,
857eea2a,
caf768ee,
cf460cf8,
2f033635,
eb5b3a4f,
7df718e0,
e98af949,
c20e9312,
22ac2398,
1cd4b7b2,
79e3944c,
8d5d5296,
8a898e7b,
9fd865f6,
acebee00,
48a023af,
77116b70,
efce74cf,
c1203106,
790e648d,
9a19213a,
88589f54,
603be18d,
652c8fde,
a1b0db4e,
681c77f9,
494b0a27,
dada0582,
71ea2322,
649ee6b6,
5cfb15d1,
84de32d7,
0e116bc5,
eb64fcc0,
5dd72d65,
fe7e2ac9,
72ebc0bf,
fab5194e,
29ebb919,
1e761b35,
b22e49db,
e1d9fe22,
232c86ab,
b7ce3a05,
4bb979c5,
168bebf3,
ada8f56d,
e43c5e9a,
7dc7c752,
95968360,
36f1ebbb,
06594346,
4d802c05,
77e3aeeb,
9912b64a,
547243c6,
8a322971,
f6a0b8c2,
fa887bfd,
5f3b2c23,
fcea7795,
21f141e3,
ddb39268,
5584b5bd,
b0358b07,
2b344603,
8cbd52ed,
80868b37,
b1672951,
375bd2bc,
6d4a3315,
0e2e88bf,
8b11f9ef,
fec63e37,
51cef938,
e7ac3731,
b13c017c,
f079ec2a,
9e095ff5,
f8e2f1e3,
45ec4a19,
fffb9ffb,
fe7cfd35,
0cb7a633,
16df37be,
5ac1b708,
aca4bd50,
29e584df,
80d91970,
54727ba1,
e72cdc49,
d0267b03,
6ffa73b3,
fbc71599,
0972b53e,
491847d1,
b5758927,
cdb632d8,
2fb31e4e,
5498d4f1,
f9158039,
0d972427,
0b6ea66a,
f7f01e5c,
cbbfeb1d,
3dc91299,
b44839a5,
f9b8e297,
47423dda,
0257b0f9,
aedfc40c,
43048bd1,
785fc170,
3511c3dd,
50c859f7,
cc537e88,
12251164,
ae41cef9,
37b3e76c,
fda4b9a2,
ad688a47,
40747ef1,
3c95f3e1,
76bdc84a,
bb245b2b,
edc7c8bf,
1160f2c8,
e6eff907,
2bf71b5b,
a3f64bf0,
bfae5fc6,
f93cb311,
058fec20,
221749fa,
c77e27a3,
a8df2e1a,
9998e36d,
c77072ee,
bc8608ce,
aa84a7e8,
357ec56e,
6d2f50f2,
a26bd902,
ca4f238b,
a4c726c3,
04c091f9,
70008144,
a70b8db0,
812b0886,
037a19ce,
8c1a2fc7,
faf5108a,
fa324d3d,
d2761e3a,
a03555e0,
0eb05b59,
45857e6f,
5c8c08c6,
9b905a59,
01f83457,
420841cf,
2857afd7,
b588ea11,
bf43ca85,
a3aba951,
a56ce8f5,
6a728eed,
7c1d1af3,
8cafce35,
3d8c566e,
36545dab,
1bb08cc0,
b5695d7f,
8f1ed070,
8d84c778,
ffbefcfe,
0c5874ac,
fc1eac82,
7edbdda6,
78a02ed4,
237a3933,
d9dea20a,
ea8e65ca,
6459db88,
52d0e9da,
0353b903,
087cca1c,
d3746cd9,
f6a8ec3e,
d7b9663b,
7bd29d34,
ab496a48,
6815a615,
0c58c6f6,
87313ee7,
a94ddde1,
8d859fbf,
3af22ae7,
0f49b75c,
308337e1,
b50d361d,
22fbd2e0,
b0121a6d,
6f72eadf,
654001f1,
6f0e0efa,
9df62e62,
cca1659f,
4f521c20,
f6b6af80,
6e7d2791,
8d519090,
bcbbf4f3,
a210805f,
819918ff,
a84a0faa,
6978983a,
fcb36482,
df85e9bb,
88b862ff,
4142a2ef,
cb78ad91,
6b3e19fc,
b674f0f5,
e7ada4d8,
1a503aa8,
244a279f,
44055753,
b90577ab,
defe8190,
d1223664,
d8ddb1ea,
21efd297,
11b655ef,
c1d08a8b,
6c6a4917,
797c0f6f,
cb585d4e,
e49c598a,
b6eb4731,
f2c0a69b,
14bbd009,
a07d456f,
8d4620ab,
938491da,
fb37425b,
e62252b6,
6edba0cb,
f7a7b3ae,
15616484,
308e6d37,
8db18b9b,
53b573a3,
2e9379ef,
126cd19d,
edf850f0,
6da70dd8,
bbb48a88,
9ce30361,
35158285,
3c143fff,
f3eedb40,
4706afe2,
1f4c783e,
0c57c9ed,
00a5a6e5,
f0c86274,
2f9a5f88,
2a3c21e5,
cba844f0,
484867e3,
11981c38,
9bbcfe0c,
7a7902f0,
e69c8fa5,
25a8f0b0,
0423b301,
6c213ed8,
83c1b4c6,
30234a93,
3d97bce7,
b0eadc83,
0a6f62f6,
896a87f8,
8dc2431f,
59321d56,
f77f1e8b,
17ece2cb,
9e3c23e9,
5fef6fcf,
e439fa21,
3207d31d,
38ba794f,
9c38ca9b,
daf9265c,
e6ec1a25,
1cc361a3,
f9291860,
65921cb1,
4077e87c,
01f4216a,
e7ef87e5,
5560f4d6,
ff0cdc40,
dfa0e09a,
3002859e,
46f14202,
27229158,
c96960ce,
c51bc1d5,
4a13f4de,
dde41f70,
25ad46da,
ccb4d178,
822b5c2f,
2aef17f8,
2d7c4562,
569d98eb,
bd1b393c,
a3bf2011,
2a899d55,
1821b7d7,
21f0783c,
0261f3a5,
5f821a01,
b04d4fe2,
b2d0226e,
a2f26bbd,
48b54bff,
e6ec007c,
5db8e7a6,
939c43ec,
f80e7385,
3a60c62f,
59fc3742,
decd5c18,
f9b0d6c7,
c453b55f,
478a7fda,
ce081033,
c26446d3,
3305ff07,
08f65cac,
62b915e7,
cd97ed1b,
8480f730,
caa1c2e2,
806dacf3,
cd91c2d8,
a1da5919,
334f9d7e,
036db626,
a7d25259,
dc060658,
8d0a5b6d,
11fe4282,
18a7c167,
aa76d2ed,
cff2915f,
d139b751,
5078fba9,
e59873e2,
05d8d574,
03c32bf5,
d4125e2a,
cf9d017d,
79cf75c5,
b6d466a9,
6959b25b,
1a3575eb,
ac9bf8cc,
0cde7395,
0a2dbf81,
4aef6e9f,
2dae2c22,
976b65ac,
cf664a81,
9b9c378c,
ddde12d4,
5411452d,
7f10f105,
3f56af8d,
298ea8a9,
54355602,
9bd7b857,
ae9138fe,
cbcc6b9a,
cad2ebfe,
ee67a729,
1e0e06f5,
3a612c47,
aecea32c,
00ee7405,
0488670e,
a8380434,
77c4f496,
cb26db0f,
eac029ae,
39b27a7c,
8c88df73,
e09b8b1e,
be6fb429,
c6f6890e,
175bfa9d,
9192b03a,
578fbce3,
f5452e75,
0123ffa6,
c5ad70f5,
1794d5d2,
04e9e1a0,
0beaa926,
26ad424d,
7043530d,
a1a399bb,
62dae66e,
bbd1caef,
cb393031,
0a323bc0,
23d652bc,
f3b9ff85,
05b3bdeb,
e249f0df,
cd212314,
a3c4c8fa,
af1d6837,
f9585a5f,
3d1f8442,
5f0f228b,
abfbb34b,
f89e0e80,
c0c2e04e,
2a045971,
d213cd0f,
d7f7e1a9,
8d4feafb,
ea2240d5,
26017e1f,
12d8ba0d,
d9cd5ccb,
c4a7c3d0,
ad573c88,
c947c99e,
a0bb878b,
f7e52ea0,
dd679010,
3b4b6082,
0e25d61b,
8ca7909f,
da817dfd,
383823df,
3674df9d,
942c7598,
a886649e,
cbc1d461,
a1c6ec70,
4cc3461a,
5e26c743,
e417d78e,
a2578f63,
6b5f4172,
0045c2f6,
fe7259cb,
e8f739f3,
813ac645,
b2de4ead,
9a75c1db,
3a6b32b7,
0c9c7994,
8b13b81a,
a29bfb1b,
c5b2fa5c,
bc6c9070,
7aa02004,
523931bb,
8ec73742,
3398e10b,
1fbd89a8,
a662c768,
f94c3526,
37b2cd42,
158f2ed4,
5d6023ca,
101a537a,
5c462bdb,
af0fd96b,
bbdab7ee,
fc115ecf,
e5b9fef4,
c1a49afb,
adc86487,
3e0cbd7b,
df67b7d9,
8ba3dfcb,
4300838e,
6e37d5d0,
389389c6,
453396ca,
18f26c17,
62a9e148,
cbe62a6e,
26614068,
ee836036,
c4ea73e4,
1452334a,
2d922eff,
99f16950,
a22663d1,
593fb021,
9a77b56a,
a49b5fe5,
197053ad,
410ee68d,
77c8dc53,
d2e30a7b,
db39b915,
20c652f1,
19dda5c4,
97783fe2,
c5c077fe,
85bcf4d0,
3bea250d,
66c9db90,
ae41f13e,
27a4008d,
24033cbb,
93cdfdca,
ed7da209,
0ad55ca6,
0d9bf546,
e7900c5c,
d855cfdf,
33e4d82a,
6a0518e0,
21e3315b,
433548c8,
b0bbf217,
42712c1d,
bae6c8ac,
9db0ede5,
aba5c897,
74c79c87,
7ce40d7f,
dc25acbe,
3c0aff78,
eab1bd58,
148d3b0d,
fb89aa1d,
0fa38f30,
6bed01f5,
1dbbc471,
27a9d05f,
a84e1114,
5044bdba,
0009c0b4,
99a1b128,
464db257,
fe250fb1,
e84bd398,
f0272d21,
ec256957,
426eedbe,
ac104384,
cc3fee9b,
8b276ae9,
cf4f9fb9,
27ac150e,
250037c2,
b71ec8ce,
3c666231,
1d016dbe,
7a3124cb,
00631417,
10d1cd3f,
108e3e72,
4d74998c,
30a456b7,
1231413a,
51c97d2a,
8e1f2a60,
6bdfdaee,
01c2d110,
561b21a6,
e352fd56,
81533963,
250add65,
fe6f98ec,
d8a6b488,
e7045df3,
39755fd7,
25008937,
bc89d358,
4846c958,
03357838,
122070aa,
5255e9e9,
d5120cc8,
c821b142,
3bc98148,
2cf4a29c,
522e4cf4,
ea6905e5,
63e2a828,
4b17b5b5,
19213df8,
bacf8548,
376ada51,
d9da2aa0,
bb920079,
7621db5e,
94e10fa3,
cc0341b2,
70fe2c45,
3a591d2d,
c29b318e,
2197257d,
1402ff66,
71103498,
a05ab840,
725c89fd,
804ab9cd,
c4636865,
70dc7080,
2d45446e,
395579f2,
b2d33e0a,
a7e99f1d,
643d8f3d,
f227995d,
e974d5e8,
6907e32f,
feeec897,
b0d86ff2,
bc399b4e,
dec7b365,
fd7f4233,
b98ac366,
0027e216,
8f56259a,
54ae72e1,
9eefebb4,
52130648,
c9e38417,
dcc3f010,
75323c92,
bb9a2cd8,
42a15083,
2f513e23,
a6d33e85,
4020053e,
b1732cae,
c9f2018a,
dbe14811,
3c7ca56b,
74865a45,
d3c82091,
007997ee,
2d481d06,
570f57b6,
0cc96f8d,
d3f14c83,
c71dab4e,
a8c71548,
510b884b,
c1a12018,
51d4f7cd,
013be690,
241ab40d,
c52bbc01,
9828e47d,
f88ac179,
c4c6f287,
bec50da2,
86ee37bd,
cff3b1fa,
f64e4a38,
1f74ee28,
08d1fe8b,
52b64390,
943c76ef,
8bbb46fd,
371724c4,
1cbe39f8,
2c2b2c72,
b341cadd,
c4b6ece7,
894d6281,
f11faa38,
38085b9b,
6ed85ebe,
16472741,
135694c1,
a6ac8545,
0fd07310,
87a5deae,
23063986,
63470287,
ac9cd17b,
b1793b37,
627d6bb0,
a25173ac,
49a51475,
3c699d6c,
797472c1,
96ab1366,
e7a73723,
ab5cfb5b,
cde2e747,
f1be7084,
e9d6b0d1,
d1be1a49,
b5cfa0b8,
24caccd2,
851021b6,
6bed3368,
f2d3a155,
497b8fc4,
51bcdbe0,
9dd807c3,
c7d7753a,
b5a0718d,
83e6c926,
bdf4c8ad,
3c6eada9,
664606a6,
fc9fb5b4,
a0c56463,
9c274ac2,
5183daa5,
e70e63ef,
2c048c73,
ed3e6038,
6b5a1441,
df9ac858,
89e80d48,
4a237185,
eb58fdee,
dac3835b,
043a6846,
3dadeca0,
64261406,
f1f3622f,
eac92b98,
b436252e,
61557523,
94549e45,
d9077e32,
9689f3aa,
e0d840ab,
4f993483,
17aec36e,
70511a3c,
0834cac4,
5a99b802,
4114dbc1,
d9bfada9,
d397a8f7,
b5aa6df6,
1e6becc4,
107bd5af,
b6398d0a,
305395ef,
79519634,
5d25ecce,
86506cbb,
088f1aa6,
e379f286,
c3a2bae6,
ed11b484,
b5717a8d,
543a9a16,
f8ff8cd1,
034f4da2,
830682f2,
fad89dd3,
28d02f4a,
61ab5bc1,
da4f016e,
07b4e9a1,
5f7d6dc7,
93ead07f,
6b29e795,
aa9a33e4,
953ecc05,
76bc3cc0,
6b208661,
d933eb86,
503a5738,
f4d4f393,
48b96e95,
b977395b,
427dd375,
47bb5de5,
6a492841,
464110b7,
f65c5c3a,
3831e5b5,
17283959,
cd441ccd,
d42539ec,
28d88657,
8177a542,
29195894,
9e1d1efd,
07fbc33b,
c4ab372e,
e44f0521,
98cfd742,
e45ced43,
067d49d4,
dce51b13,
194986cd,
83eeaf60,
38835feb,
c89ef9d3,
f5a0ada4,
fab1ae77,
4f3c9abf,
ed1dce84,
88df2216,
2240925e,
fb54d84f,
fc8663a3,
328d466b,
b49682d6,
750a656e,
64737472,
65616d0a,
656e646f,
626a0a31,
30303220,
30206f62,
6a0a3c3c,
202f4669,
6c746572,
202f466c,
61746544,
65636f64,
65202f4c,
656e6774,
68312031,
38383420,
2f4c656e,
67746832,
20313931,
3531202f,
4c656e67,
74683320,
30202f4c,
656e6774,
68203230,
32383620,
3e3e0a73,
74726561,
6d0a789c,
b4b96558,
9c8bd935,
8a43d0e0,
0e03c1dd,
3db83bc1,
5d071d7c,
b0e06ec1,
dddd21b8,
4370f7e0,
4e2068f0,
e07ac8ee,
db76b75f,
ff9e8b0b,
8675eb7a,
6e1b8492,
4c599551,
c4ccde04,
28696f07,
66646562,
e103c82b,
28d8dbd9,
8b193b38,
b3b2307e,
025ab880,
8c9d006c,
4c2c2c1c,
88949462,
4e4063b0,
95bd9db8,
3118c807,
e0065b02,
944cc16f,
ee6f162c,
2cbc8894,
0029a01d,
d0e94d69,
0630f100,
2800c1c6,
6a1e0e40,
56008df1,
5f40d9de,
19cc6862,
ecfca606,
da5958d9,
0169df5c,
c4ec1d3c,
9cac2c2c,
c17f62b0,
3332fe89,
f4c75b94,
09206b6c,
6a63efe6,
6c630530,
b63303c8,
32293001,
14edddde,
8456001a,
7b3b8009,
d0d21864,
0eb03707,
a801b500,
eaaa129f,
5401529f,
94d49555,
6999de02,
abba3838,
d83bfd1f,
17315535,
75290680,
b888a29a,
0400a8c1,
00905257,
55fbf355,
0d68f7c6,
df8201a0,
a8f6a6ff,
93e7cdf0,
8fbb8284,
9a889ab6,
b2042bf3,
9f6700b0,
025c814e,
ce567fd2,
fe1737aa,
3766807f,
537b7335,
77b2b7fd,
2b0180c6,
120c76e0,
63667673,
7363b270,
710633d9,
3b593039,
80fee2a7,
6669e50c,
70b377b2,
01bcbd3a,
0141c0bf,
0ae36267,
f6564eb0,
25f01f01,
fe340620,
6f650ab4,
7306fe71,
92b4ff87,
d2f6ad94,
6f4e6f72,
f0bf88bd,
1502fc27,
26e81fe6,
006720f0,
3fd2581a,
3bffe52b,
afac2c0f,
b035b6b2,
0303ed8c,
ed4cdf0c,
c1c66017,
6780d15f,
b2b74fa0,
19f53f08,
0201622e,
4e4e7f72,
28fc53e5,
f4af34ff,
a42e6aff,
f6647a20,
4f6f63b7,
ffee98b1,
9d8bf3e7,
bfd5e63f,
1fdbd4de,
ced9ca19,
ecfc8f88,
4080b915,
08f887bd,
f39f9e59,
d9fd2553,
10519491,
94505563,
947f1b3c,
3b4605fb,
b7ead831,
81ddc17f,
59ff8927,
222eff36,
8adc3c00,
36363600,
cbdb904a,
d89989d9,
dbdabeb1,
7646fc53,
3e71abb7,
3a81ed9d,
3c98ffe7,
6cdbd8d9,
bbd979fe,
6f9db995,
9d99f99f,
0e98b938,
30abdb59,
39ba0065,
c4ffcfe3,
4d84f86f,
9905100c,
6001001d,
01407753,
4be63f69,
ff9a9a3f,
62d63fe2,
b772787b,
3ad83b00,
cc8d41ce,
406f2b73,
e0db0ba2,
a7b3b12b,
10007672,
017a7bfe,
5df19f08,
91951b60,
66650a7e,
1bf8b7a5,
41fc2bba,
8c9db93d,
80f71fe2,
3726ff54,
fddf28d0,
fcb5b0b4,
6fdb6a66,
6f07f200,
9801cd11,
9915edc1,
6f8341f3,
ffcfbefd,
572e4917,
1048d1d8,
1648f3bf,
cafadfb6,
c6b65620,
8fffc7fa,
bfac3481,
7f38d328,
da3bd91a,
83fe4b67,
e52c69e5,
0e3453b6,
029b5afe,
55cd7f88,
65c0c66f,
ab206267,
0102bef5,
e62f91fa,
9fed02bd,
8df1db29,
b2fa73c9,
008cac5c,
dcffa57b,
9b50531b,
3ba0b333,
808bf72f,
15f0ad1a,
ffc5f9ad,
057f1803,
98556465,
9545d4e8,
ffe7f8fc,
652a6167,
6a6f6665,
670160e3,
e402183b,
39197b20,
b2bccd04,
1b2727c0,
93f56dcc,
cd80ee7f,
0d0d8099,
c9ce1efc,
e6027070,
017b03cc,
ed9d10ff,
3496971b,
c06cfc47,
f417e2e2,
7843e07f,
415e5600,
b389d35b,
83806010,
d0fc6f72,
f67fc9ff,
d1ea7f29,
7801cca6,
ff42ac2c,
2c0066b3,
bfc13737,
8bbfc1b7,
64967f83,
9c0066ab,
bfc13762,
367f833c,
0066d0df,
e05b22db,
7f43d637,
a2f67f83,
6fa19cff,
06b900cc,
ffe0f89f,
5556fe73,
74feda23,
967f97fd,
ffaef15f,
5815ec64,
6f03d4b4,
327b7b27,
fa9b8982,
f1db63bb,
ebb2bc2d,
01eb9bfc,
ede39fdf,
e9ff4702,
ca7fefef,
dfbc4545,
eddd3d19,
39385901,
8cec6fcc,
78b9d901,
bc3c9cde,
ffe169fa,
8fb3f8d7,
fabd4dc7,
3ff19f9b,
040002dd,
81a688cb,
0bf6a6fc,
41d6294d,
21653e12,
05d3e5b0,
94bc4cc7,
9538825a,
b27130cb,
e9d31d84,
78e2b9db,
e440a142,
ff16bf0c,
aa427b79,
693e7d9f,
247fbb62,
2dca206c,
d0cb466b,
62d5d495,
998af08e,
b18f820f,
21aa84c8,
588e0693,
7a4086c2,
925ff937,
72da43d9,
9c7ced12,
8eef196d,
716d2400,
f5b12331,
de8eaefb,
28b6c957,
f4cb6472,
bdf2b6b5,
3c58b7a2,
39d6662c,
271086fb,
d27b824e,
c2a5e94e,
48f0eb3d,
56cc17e3,
5e9165ba,
59a3fc10,
9c315938,
879eaef7,
3af429f9,
6a7ad40c,
1eb551d0,
c8d11fc4,
68e741d6,
6ead9e5c,
41ca1fc9,
5c35ba55,
5a3299b5,
6218306d,
6b00b1d5,
727e618d,
b8a50113,
9d65cda9,
10f43bfe,
edb1b6a3,
cd42e722,
15c13c36,
5d117eba,
3202219b,
2bf125df,
e483382a,
3c45b964,
317b2837,
0b654ab0,
0902ce8b,
77949a82,
25c96051,
e16a5d88,
de51fdae,
6a5a1b26,
56cf15d2,
8086982c,
b49420e6,
50c2f193,
7afe0cd8,
a3d27e3d,
9e9bb874,
368949fb,
f9c855f6,
ec53ed42,
6adf8468,
dad9a093,
6b2d6222,
9d227050,
4cc027b7,
c6ad85f8,
18636cb3,
271b7465,
53866d3b,
e63e7e62,
5895d5aa,
04f27044,
0c9a3fed,
75275eaa,
81f32421,
3e6b7a24,
2ee7365c,
7c1c8f1c,
eb15562c,
e6aea0cc,
cd86bd15,
fb19bd5a,
8d919fca,
7990039b,
c5c67660,
d431f5e0,
c77b7cac,
9af68549,
72f318e7,
689ee826,
53a69bee,
aea500e8,
10c4eecf,
4f20288f,
a9befea8,
d5aa5e6c,
ab484aea,
7f45713f,
8bf4faba,
d180eaac,
f1e29181,
e230c477,
6a84f07c,
c0c87c7e,
3b4f12cc,
8ccf67c3,
8927ed43,
4733ffca,
85f43e8e,
ccad3e25,
f9744302,
bec81d5d,
f4e1fec6,
abd05fd4,
568c6409,
7b66dc5a,
15776dd2,
7c63e8c9,
e616e2d5,
b8a3d03d,
61e106cd,
67a5e408,
57048ea6,
df5ad061,
3a2d2041,
f9d5b00c,
7e95631c,
d8931eaf,
c27636d2,
767876d6,
422caf53,
b5a432ef,
1282ae5a,
bd95a1d4,
9c46f6c2,
109b78e2,
5800e141,
08dea1ad,
a8e9f26a,
2d63147a,
7493a87a,
e0616e86,
54d5517c,
07b9ae63,
ee6b3f64,
e0f79d0f,
456a07be,
bcf7f006,
c91a45b9,
54b59e66,
2cbc7655,
20141552,
c97306b5,
92635e79,
a4f68e81,
54e249e2,
4767ec86,
5dc7d73b,
da491147,
495d4755,
d785912d,
285232e1,
55922f45,
8f561f5e,
3a46ea0f,
91ace88c,
41ad604f,
9a23b188,
386ef2e9,
1ec11a95,
3cb61bc8,
81ada835,
cdf1ae80,
7089b48b,
56f3d125,
cb204675,
bbbb2a99,
8e87b3cf,
ee6c335f,
bae4e72e,
8f825904,
26dacf6f,
5687cde9,
7848937b,
86655a16,
aa8647af,
48425241,
43aed5f8,
db9df435,
53521fad,
4ccadca6,
f9f19ee8,
92711471,
be30df17,
0b9407ad,
7dfcd618,
75104ec4,
5e589be3,
c7edff83,
7cde063d,
eaa9ff3c,
858c87e6,
33fc51c3,
954de44f,
7f96d95b,
ac024125,
e079c489,
dd62da7b,
a6231e11,
1d763a9d,
db399ff2,
5bc31f4e,
cbb595b1,
0eef3444,
b1e0a365,
7f7aa3ba,
6d5aed23,
d6c07f04,
c5ffb644,
7b3e8c21,
31e4e483,
6f4c8787,
a9b6c650,
5135c88e,
82206a97,
c7090ca9,
3ce0a4e1,
8e794f84,
9f72a796,
67dd0749,
5cbaa08b,
d9019ef8,
66f7641e,
5f7b8cc5,
1402da37,
24ed0c15,
a10d3849,
a5426911,
e30ea7fb,
40c74762,
1919f833,
4812eab3,
0b7817e6,
3eaa759e,
318845f1,
bb1b8b52,
c2a90a03,
f58bbdf1,
52e583fd,
47998f93,
86011864,
ada0c61f,
75227066,
65de0521,
dac2a3c8,
6d98ef28,
85a5fb1b,
9e1a4f1a,
4cf03477,
1607a865,
e37ada70,
3be4ae8f,
885e4683,
f7dd014a,
36d53be5,
e3044ddc,
be36e84d,
fe2150f2,
33d520d3,
e86b45aa,
f2b060fb,
6abc45b5,
27c52c58,
7a75e787,
b8fce0d8,
f797652f,
3fb1b35d,
82b7c3ae,
ad723e17,
9c47a493,
f81ab1e1,
5a287787,
93507db0,
0d0a9b54,
ec1f1556,
b5acaa86,
6867486a,
83e91ebe,
43af343c,
2f8a9512,
4cdb2cf3,
8ec50e1f,
600d785d,
16fd4d2b,
e8310119,
f7358af5,
9d6c6189,
82dd5721,
ddc32b05,
b5fcd156,
bbc0578a,
a2981a1b,
e40dfcca,
d8dce2eb,
c24b4c29,
b54c74e5,
7e30fcf7,
c7e2dfb2,
2fbbdbed,
0e7b8a27,
67c8f952,
4179abbe,
89fa0523,
acc871a7,
9fc96bb7,
ccaa7956,
81f1f514,
4b63c04b,
2c2d089d,
5df7695d,
d7f8f886,
60a9b58f,
0c63495b,
e9efe86b,
d8671c9b,
efe5a804,
193e7fcc,
8292ce75,
dd1f5130,
fdb9175c,
6d859dbf,
49a1306f,
0d380c0e,
8b1d4a63,
52e144e3,
9e892435,
d4ba3246,
bc7cff28,
16a1d3e5,
5784d432,
bb4f0e77,
c8429e6b,
94154437,
6a9d2b98,
7cd7839b,
44624225,
ff986b04,
ac2097b2,
51c61df8,
88b7b2b6,
c4ed69b9,
9b56b42d,
d05bd02e,
2ef6054c,
e8a16663,
df383ac8,
5941d6a5,
40f00db9,
ceec74dd,
660b1893,
0ff6d2f0,
571a3d21,
eeed7f48,
f4cdf22d,
9d9acdfb,
c8485842,
b3a7a598,
fa15bd40,
fdb7eda6,
afc4e8ca,
80db1966,
1b1c6c61,
16f7e104,
56ae5b8d,
4ecf5262,
e771687b,
f2dc71fd,
f795af28,
461c3544,
cf4287c3,
864d611f,
5aefc5db,
26eac3e6,
518f2c37,
aae0308b,
195820ba,
b9df314d,
977d24d7,
1ec3daa6,
96e1a609,
cc37c142,
56b4c0ba,
5eb46972,
79c7f13a,
8b8edc15,
e32645f3,
933afa58,
fd6b4df0,
040caa5c,
557abcd1,
ba7eb8ce,
0eb5f5f3,
7173ac87,
40c1655c,
512bbc51,
626333a5,
a3481106,
ebfbc4ed,
2cc34e47,
79a9d2ee,
62587648,
1ec75c68,
0dfd21c7,
cadf4c66,
2f70b3d0,
936728d9,
e17be628,
4699b805,
dbef0cb1,
0f7ef412,
4b3c255d,
490b9df8,
89a2ca4d,
b8fb82f0,
3d9ab47d,
45fce9b0,
f8fd1879,
559a96a1,
6cf45366,
59a8bf31,
4f98605c,
ce1b3947,
4a220fda,
3c0c4a80,
5424ed32,
7b0614c3,
a1fd2673,
6bb62622,
0256e80b,
186e5b3e,
f355a753,
4fdc0bb7,
7627afb6,
c9603fde,
49676fda,
d1178128,
79151410,
63c80cac,
51aa96e1,
0d1492ea,
af040700,
304f1eb7,
e14b32e7,
f2709a42,
bf6b079f,
10dcfbcc,
d41a5e9f,
9c89ce24,
7f078d57,
f42a3a02,
d1be4b7b,
51966e2b,
7c87dfc8,
b0c12999,
df9f9044,
e9418010,
be9e3687,
81b6e4a3,
ada03a25,
c7b88b40,
dbb3ebf5,
ea04bf8a,
4cd024d3,
0643df8b,
84618079,
c3115813,
79700e4c,
d9688d71,
90f1895d,
ad843a4c,
8af0e4e5,
ce4d8e0d,
e58d5aa4,
0351ad42,
856565db,
1b62e714,
0f4215d5,
36f884e9,
8d246398,
ee2191cd,
7420c647,
742d8785,
4637f9bb,
71d00abe,
e6a641d0,
9fc60c42,
b52f9c9c,
dacfe003,
8c0fa6c8,
09d3d4a9,
d720102b,
343d4c37,
3b700f17,
e7ae7cee,
7c87a4d3,
66ccbd71,
588070a7,
7e46e853,
2fa91c01,
62b5414e,
f18b7343,
479d353f,
e14482c6,
d1d6996f,
483ff131,
e3ca61de,
885ae645,
47bbbdda,
bb194c6d,
1c7f1781,
1cc14c35,
32b89774,
535e0e18,
9f904bf0,
fa8c5ed0,
1d972b67,
c0d308ff,
6e942c1f,
7e69e11d,
3b505c9b,
c2a3da4e,
704c4d52,
ad5fa0e4,
5b513d6c,
6d47fe05,
374bc6f5,
4956085b,
7f272628,
1c274bc2,
3122acad,
956c6409,
6eca1f42,
e3b546e9,
55e68104,
d1979279,
0cc19b62,
5abab6e2,
8097dd02,
95278b2e,
33a3e591,
903e2e2b,
5d3b35dd,
598581d3,
6fbc4ad2,
8c43a3dc,
48155dec,
c263b0bc,
3381b123,
2d12150f,
20fed382,
bb226026,
8449ea44,
720ffc1e,
4bf6139a,
af79936c,
bc2fa245,
bb26465f,
c0e840ce,
be3bc34f,
b2ea337c,
08257ef9,
d68846ff,
ffb1c588,
63662b17,
677388b7,
29bf1947,
801af13d,
3afd7a81,
f9f196b5,
d3b4ae8b,
101773a3,
f33dac19,
6ecc9e4b,
23b848c1,
a28c4b21,
ed5f54eb,
a2a5b7d9,
5ebc6935,
e8f99173,
cab443cf,
84901d0f,
51aeea7c,
ce820aec,
dac193fa,
0ccd71ab,
041aae9e,
88e4bf39,
4b8aaa78,
f52d0960,
332fa46e,
9d86df65,
ae37fe9e,
0f696d2c,
5b9ec8fa,
3ce292ca,
11076d3a,
3d19ad11,
5eea70bb,
812ebc61,
dd2c6803,
7ac0dd25,
09fe4962,
4d2fc24e,
a421e1ed,
69e6a7b7,
aa78cd69,
37c25cf6,
1e1daaed,
f4ab1e9e,
cbea4f86,
0fc703b9,
43cabb70,
82c968dc,
df6b5e58,
652d701c,
9952f813,
0cecb9b8,
ca8ba921,
29d3b03b,
a84456a1,
cfda86d5,
2eb41ec6,
0e4d6199,
2b7d3455,
dbd7dbed,
2b2aac23,
239e9684,
3674a604,
6bba76c9,
235dbb21,
b4c414d9,
945bc4de,
5d78facc,
d6667480,
6d7f0a03,
e7683d79,
237066c8,
f784fc51,
ad59200e,
92511d9b,
0563a1a9,
edc81f64,
8c84a6b4,
a28f5726,
285559cc,
8a081427,
5af8cd46,
167e84a0,
eb50a230,
5a20f522,
14d70654,
5cc2f7c5,
62bfa828,
14ae76a2,
2f1f57d3,
2983a368,
844e7d77,
72bdb9b1,
c0abd137,
6c5548d7,
a3f6bd1f,
2f53284f,
4069238d,
5f9c8ded,
502239e4,
d8a077a7,
49a29145,
31ce343e,
23ca1418,
0ef93a9b,
b5bb7c05,
040e0dda,
8130a770,
e334f669,
766c06da,
0ae51aae,
e855bd7f,
e22a2d44,
952eb4d2,
9e07b265,
de4a2761,
b4cba705,
2789454f,
14c31050,
e4f60089,
7e13b366,
f71d4a4e,
fd16d96f,
866d1ed5,
223cd899,
3879daad,
5027e8d8,
865d39f9,
51986275,
e9a385b0,
3dca8712,
449e494e,
25a9df49,
4d4bf0b9,
0aeb5036,
085fa7a9,
0ab34260,
ead8b40c,
b2acbeb5,
68e08ac3,
73dabdc5,
38abd0bb,
441d75b4,
3cc674b0,
b744163f,
9bbddcda,
c601fda3,
c17ead9e,
e44e42c2,
4706e40c,
3bf51e33,
cf9065a2,
9cfc17a5,
a0ced0c7,
fad82655,
932afa0f,
3f5fa980,
36ceb579,
c7b4db95,
fc919f61,
58bede77,
653db552,
6783013e,
838d9118,
94140e26,
f562c4aa,
22fd9003,
e6d10f23,
5b55cbc2,
4d64e68f,
5ef208ba,
5168ef37,
f7945df4,
b23829c2,
387447dd,
ef3ce02f,
f67618b7,
5fa640a8,
12d489f4,
fab80a23,
783547c7,
de14519c,
712b5bb4,
72fdb2c2,
c6449f1d,
a1dc6203,
6ef15a9b,
70b63cf5,
9f286fde,
31cd2b99,
8e4c1797,
7595cbdc,
79297597,
50e02154,
44c8f0b4,
2d6f9854,
b1fa8be1,
8d0fd437,
6730b61b,
e45d0ef1,
81717592,
f31b7ce4,
fddb40d9,
f62b696c,
a49a371e,
8a4ac189,
7ac75772,
59706af4,
39a9ec79,
3b206c16,
d2e7b6af,
a32d15e1,
46a64322,
9172533d,
d465152c,
1d00e7a2,
c7fb5be3,
cfb3360f,
59c12363,
30580f9e,
d8c75007,
dd5f2294,
dc933184,
4f153db1,
9c3c11ec,
a97f0ada,
09169fa1,
ec459382,
5e65a961,
2d902029,
9748830b,
d0276aee,
35c8a20a,
1ca3844c,
a88c562b,
c0b1b1a1,
a4df594d,
35faa6e0,
ca882424,
60351bd3,
ec525725,
1e456d20,
4c414a4b,
296def38,
8a51fb07,
cbd58571,
214f2f7c,
2a892ee1,
e209e16e,
b212a5f5,
d7757e78,
10ecefaf,
bb15f8ef,
eb643be3,
037207ce,
41f12aa3,
7e158af1,
30fe8e45,
00b83b86,
7249ef89,
aa3d38c4,
b35783ae,
ce56b25b,
5adbb3a6,
9c1de65e,
b324f254,
3dea4422,
ad9fd748,
49ea9679,
04d566ef,
463a26eb,
291b5323,
db94fd91,
1f561d42,
5458f6d0,
3cbf6bd6,
78abfaab,
b3810c0e,
763e846b,
0f0feb21,
ca7a8aee,
e8181817,
8bf2cca6,
f5bbd47f,
5e2dd39f,
d5cb025e,
8f789626,
18277e6b,
c2143e13,
8a98fdd1,
7e6020f6,
5121de58,
99a5c2a4,
f8fca1e5,
31adceaf,
2d57a091,
a2af8312,
e9c53302,
8f58e35d,
a4d01df2,
18ce71ec,
e6d54cb7,
1f11e5af,
40ccef37,
2952f2df,
34642931,
ead403da,
4df1e2d1,
ad869442,
ece4b625,
8e8b7998,
c554a1d5,
beb6354b,
82403b89,
e121a2af,
5b35ec28,
601f457c,
97987315,
0b09dd56,
f031ca09,
e161b257,
c4b80f8c,
c8e084d2,
5134f111,
3c8494ca,
eb3baef2,
2972abd2,
0eb0d8eb,
82c4c1af,
30e32652,
8ed1ed59,
a9bc43ce,
905f49cf,
b333ab8e,
9a757833,
6c6a8f8a,
d9d9f23b,
9246254d,
dd41c99f,
951f0d54,
6f023f8b,
1d25ae20,
0d714372,
f3b79bba,
1c7dae3b,
318e3997,
c50088e6,
99130341,
d4fd214a,
37a9e461,
424bb992,
c0122772,
b5d79bde,
f89c31d7,
7c4e0783,
ee30984c,
52421485,
7a6c8b62,
4466796e,
ba606a3c,
bbf26eb3,
72025d01,
30ce7866,
cc886f15,
a71dd4b8,
b28fffe8,
ba93c9c3,
4790dc45,
4dae241b,
57635b60,
5d0d8ab0,
6e849863,
9ccdb0e4,
6728aef5,
32e5bc87,
9ca8197b,
3f5be1a3,
6a095135,
a8e32f82,
a6e3990a,
d5752fe5,
6b11ae3b,
e0d59972,
2666622c,
92606362,
015158aa,
fbdc7649,
4279106c,
c0cd26cc,
17086e6d,
06ee0bbb,
184aa0c5,
b8d8973d,
3454b2ed,
c8cd29f3,
d0cbe2d9,
1bb0bc1d,
a3a9d4b0,
0ae2e082,
4fd225bc,
13907bdf,
e4c7807b,
07611808,
1e4ed4a2,
a70e4328,
5f3e45ba,
88531a0e,
db9d546e,
b6462de8,
a35ced7a,
7e55f457,
1a114ee3,
facbe8ec,
c03322e8,
bd043637,
fe7a5eba,
05968be0,
3c4e9927,
0152b02a,
e56b8820,
2171ff4d,
2ced9135,
36a80e1b,
80b3a2de,
4722b4af,
46c8d83c,
b26b8645,
c36ed312,
c3125283,
eb633bd8,
92f31d66,
f78381e6,
b8a54c01,
f0be4222,
ec2177a7,
8f83ac05,
0224b0cc,
85bb5753,
bbb579e2,
9a478e51,
3b982d5a,
9c65d6c4,
8cea1de3,
a3fbeb74,
edddd66f,
3a9774fa,
64b8832d,
7013980e,
4faa878b,
03795e62,
3f93225c,
2e790a5a,
875fe2c4,
5a5ddd92,
868bd106,
65907972,
6cda758f,
272306ec,
f8640eaa,
4d9c52c0,
a1a65d14,
ef187b1e,
7329e256,
051c9e35,
147f76c8,
cd4d7683,
7e6f80db,
6771144d,
d0556d16,
52b67a63,
1eacfccd,
5debda03,
69ec655e,
c0c27a8b,
78b39092,
4edf31a4,
6c12dc29,
46e0171f,
63ea777d,
98c81550,
8423da46,
3d22d660,
0427287a,
312355f2,
63a2b343,
0756e4d5,
005ffe18,
8d2f3633,
3bbabbb0,
3345ff13,
bfd773a5,
66b790de,
a7e4496a,
79747503,
e8955c5b,
ce7d195c,
abb455c9,
e7f7e371,
545b5165,
1971f96a,
2a6bde2d,
0abf6c4b,
58e22f49,
616ef120,
b2dab4ba,
24bf6216,
e1132a78,
203cb87c,
4c73813c,
c2c613ac,
a76863c1,
3ef48e36,
9bc68c3d,
3c646e7a,
204be42f,
eb2b9738,
54ae86d7,
d9db2863,
5e16ab9d,
dee63fbd,
fcca1d66,
497e6f76,
e292aaba,
a710729c,
d4dd9f85,
e0e79acc,
2d2b2b5d,
993795cd,
b736c558,
5e15f81e,
62db197e,
618caef8,
f8fa9ed6,
a6ff9b3b,
61086b81,
77d735ea,
a0f5a2c2,
84620751,
7f67d312,
ce22eed7,
f08cf46b,
694fdfa3,
cdede605,
959a9caa,
6591e099,
bd8a5f6d,
406471e2,
be246d54,
99b402e7,
dcaaa696,
6bfb4aac,
717c62cd,
301af5be,
84cca687,
f4155950,
d76d9964,
ce22694d,
e1ee780c,
eac42f48,
ef16f900,
893883a6,
e8adf361,
133073ba,
61588e9e,
e6444f47,
1fbd9d50,
37636ae8,
0f613fcc,
b4dde5ef,
969f95f6,
9ecf76bb,
d8b09bac,
60dd5992,
883c3b94,
adcb9b6a,
85bce9e2,
3649c473,
7656af28,
95c985b8,
10bf3d42,
784b3a41,
f8f7a742,
facbd56e,
e4709a7d,
93c7e61b,
c152b920,
ef9c1fa2,
18f3fbc0,
6d7896d4,
a7234e06,
4ac8124a,
a8ffc0a1,
4090892b,
a44c3883,
565ca17b,
da4e7983,
bfe02469,
4a079327,
eb532677,
f8eb828d,
5833c4c5,
1e4648b4,
6c203db7,
e3950e84,
68b50983,
25266f7b,
27cd6a4e,
3b2af59a,
010f1dc8,
9d6c8f31,
ed3bddc5,
47113972,
062fc93d,
06df00db,
61eb2d26,
a54179d3,
ef20950f,
3166887c,
b86df4fc,
bbb67a72,
7575b9f7,
f22e557e,
8e048916,
4dca625c,
d33ef8fb,
092f61ae,
ea4fc883,
affaae36,
dc3107e6,
71ed1881,
c6511f14,
a70e1a82,
279cc356,
cdb60d26,
011a9c80,
138b18a4,
e7645baf,
9c3c3bc6,
faa3923b,
a4cd2b1d,
bd4cb6ee,
b6862f87,
37896ec3,
f8db012e,
bf2a546f,
b5cc625a,
e8fb3c0f,
88030c31,
9d8604b3,
f0a902be,
7d516456,
f175deac,
24a0c94f,
3b786fec,
b739f430,
2e0fe1dd,
cc82bdfb,
81adc052,
3dfc77d5,
ae3c3367,
b33bebec,
716b1f8e,
77b821b9,
96944173,
cc9c2e44,
30dc8fe4,
c088d085,
aa3b6417,
dd16f31a,
55bb2c98,
9053f2fd,
b30ab5a0,
aeca4d61,
d1aa13d5,
c8056654,
8d26d661,
1e0104fc,
27070c2c,
2a74807a,
f8833cb9,
e9c31d6b,
adf2a105,
c4160dfa,
b0af1302,
4346b727,
7c383f93,
120e953a,
34ff8edc,
beab9849,
3ea0bc38,
9ae1741b,
7a289622,
7cee6a10,
ad28a8d9,
c9ab7259,
700cdb8f,
f91c2aec,
677e6130,
163b7be8,
4407a2cd,
6bf465aa,
db03e61c,
dee84968,
763b0fcd,
571dac26,
67c2ad96,
0005862c,
5d50d745,
19b49230,
0fc21651,
e210c677,
f1a9549b,
db0f21bf,
2d3e6956,
b219193a,
f6cfad54,
8b7c9c5d,
c30dad88,
9735a2b9,
c0f22e52,
68b6265d,
a4f3e3ce,
43c1399b,
85b5f04c,
97e21dfc,
3c1550de,
4b5ca0ba,
3e100007,
e76ca4a7,
c6d3a42f,
023755d1,
4f8ca7db,
b0b8354a,
3c62ed34,
ecbf97d8,
3f70937f,
58b9c1cf,
aea96a0b,
a45be45e,
701890fb,
4472420c,
17103589,
39f74495,
66fb256e,
06e62ed0,
edf34ccd,
ebfc708f,
3c479f69,
04bdd237,
9c1296c3,
bc9d53eb,
48356223,
fc8abea4,
b80486e7,
098eb049,
6529297b,
00c78be3,
4cb5dd0c,
5b7e28df,
c4d88998,
063ec2cf,
487a237e,
52042d1f,
ffd9b3ca,
eea24c26,
35c17588,
32e06e84,
8b4bacc8,
19b76766,
cc2971d7,
ac2209da,
e6a6901d,
7419ea34,
c93a81a4,
3b99f684,
ba29fc4a,
6f61ba80,
a299f0f8,
a9a90bde,
b53f53bd,
4a93babf,
4a353b89,
e5f8c36a,
ff17f84d,
f7b4feea,
7e2a3725,
02a4ca16,
42671cc5,
eed17372,
944ec8b1,
eba5a58b,
8c1003f3,
daa4033b,
b86e61a1,
e0e08012,
b5b5ae30,
9117ffd9,
04ed3512,
ef70307c,
36d78223,
6dcf67fb,
719ac8cc,
bab00f24,
e8b629dd,
859a1714,
f23606a2,
3cc9ce0e,
45613f05,
4bfc7da4,
583dab40,
dd261ef0,
cee1f976,
3eb7d0c8,
0d0278e4,
94481548,
1cb50f02,
791fda5e,
2b9baac1,
bcc1108f,
2c1b0f3c,
89d80171,
8bd7dc7b,
d6d720f2,
a2a828ce,
5d81b39e,
917a0762,
357b3097,
6c74a5a8,
2753c0a3,
bbfd8143,
621af938,
acf52a59,
4017d7ce,
472e6f37,
062e66f5,
08af1437,
dcfdf52c,
b16671ed,
cee0e7a2,
e35c8aae,
45b439a7,
aeca4baa,
105bd525,
cbac731d,
6dc2f74b,
7ef0a35c,
e9816104,
833fb419,
0fd2d853,
45f73e49,
256ccba1,
e04042f4,
aeb2b70a,
0ec7e899,
5e5673da,
fe1a6961,
4888c947,
c1539374,
38b9ca4f,
d7582b7f,
4f5c6eb3,
0ffbaaa9,
2c3dee1a,
d972c17b,
612c4988,
d4e59740,
33e0eced,
9123d27c,
92799f6b,
71a2ce5a,
a85446f5,
4ec86d9a,
ee138348,
478fd123,
b1470f0b,
198811b7,
d7ad08e7,
0543dcd5,
b48b2b92,
678e8681,
8c109737,
cd64ab86,
c8a0bc75,
05734738,
4489118f,
3070edeb,
25d6f523,
846295d5,
4acc2fed,
dd1fad50,
8c4c5210,
d757e136,
110f520d,
302c0eee,
f5e3847a,
88e00657,
31688d89,
feb69420,
c4455082,
bb71daa1,
3a90ea7a,
f712a0bf,
2072ca5b,
d8098aee,
7d078723,
bb235fc2,
8f95569f,
84e17929,
21d47c2e,
4b651d2b,
ad9fa4d0,
402dba23,
6f1095bc,
b2227d82,
10ca89d2,
5ec70a69,
5a744ced,
e7af6c91,
3c573419,
471949e4,
8ae449e6,
7ccc37be,
b383889a,
440c899f,
9e9916d4,
29519dfc,
f8854526,
7d444687,
043434f3,
bad62d70,
4cc02603,
19f21236,
d6796df5,
4d89329e,
ef6cd5c0,
48b9c504,
d1a11d93,
6cfc5856,
2bb09362,
068e872e,
e04c0622,
cf9d76b8,
747d5d2e,
f56b6b10,
c5be2d64,
826fe68b,
c0d58e5b,
b2f262ef,
9ac0c5da,
32e9ec75,
075b4ace,
79e8e17b,
45cba4b8,
8b462a57,
3a4d3c04,
b60bd8f0,
f3d71c62,
083a91c4,
d20ca41f,
c5b7fdf5,
1bb09c63,
bf345b42,
929b98d3,
fda9f32e,
c03cdf1d,
c5f77faf,
5e7bd024,
347cf237,
16419519,
db970f28,
13bef4fb,
c42ece18,
eeac6f94,
5973d39d,
42323210,
aac31f5c,
4bf64e5b,
c324c8cc,
ac4e2394,
02495307,
f4ed0cee,
1301ffa2,
74fb8efe,
275fe1cb,
1f89418a,
ae4d9481,
a0c44bff,
c67d253b,
b2f7955a,
5a0181f4,
ce18df4e,
5d6a062f,
628e7b46,
4f310ba7,
dd682874,
bf66979f,
0c42d49c,
01a3660a,
5707a2e6,
ade9eafb,
2703edd2,
367ed37d,
5276d5c9,
9293918a,
28118928,
4be901d1,
869df940,
4ae76d82,
57a02313,
9d59a64f,
a5bcb20a,
961cef2a,
149114b4,
b1dcfbda,
77699b13,
d039f685,
85f7f6f7,
537e445c,
7b88acdf,
6e009caa,
2a27981c,
c1f1e0c5,
369f09b7,
ef4a3f19,
094fca90,
be8d4593,
8518041c,
9ddf5797,
75875ef1,
4d7bbe68,
3c13db4d,
f0059b37,
dcf42b63,
96ed4648,
45614cb1,
e8adae11,
a8284868,
bb3e655b,
e1c339a4,
f7db9ab3,
25410514,
4e08f7b5,
6cb216b7,
4364bc2b,
ec4d38fe,
45938af4,
cdefdd47,
f093f390,
73520646,
09ca48f0,
ab6b3b9b,
d7e5e50b,
7f470180,
40d7511f,
c117fdb3,
3d541433,
7dab2198,
a6bcd9a7,
c3784bdd,
b23a4542,
802583cc,
ec1deaaa,
c9d9c726,
fffde3b6,
91369743,
e188f27a,
e263f7e7,
1a05ae6b,
fe9812a9,
c1e5d72f,
c1da6e53,
45f4e465,
22f5c5db,
f94f84af,
ae0a5b30,
86148e09,
b2a93549,
7ca96cd6,
b87c1402,
c6af7d81,
efc8d739,
0d8cde7e,
951a6a95,
65072215,
7fef9d1f,
b224f836,
2853a571,
9b39097d,
ad48be5d,
2b322fe2,
dbbf6bc3,
8da80a10,
af3bd4bd,
6f2964c5,
0bab1e4b,
40fa4219,
d8af1f06,
2b1721f3,
d8d0b21e,
3766a51e,
cc31be43,
b0ff4373,
bac628d4,
e36e1dfe,
cb26ea2a,
1f83bbf9,
889bc517,
4da2f19c,
d78e21ab,
cd86c43c,
c24b86b1,
a93b2995,
9c7528f6,
841c9a2c,
173d2131,
9c2372f7,
62032e47,
a2034431,
a325da9d,
58838739,
f7ac4d6c,
3223b92d,
fc22d298,
a3128505,
ea29dafd,
02b3d39d,
29ca7664,
c57de40a,
2ffd9291,
8eb5478b,
8b266bd9,
7a1c5d5e,
5177b1f8,
ea1e7131,
5ef34f6a,
934f7442,
a9c52c40,
ae8fdb24,
37ce65cf,
31a4b6bc,
70ac3aef,
5abef075,
637747f1,
c4bb2c42,
cee7d61d,
2a7a044d,
a341a71a,
61bf8c23,
b78a08ef,
7e91a4ce,
a39e3342,
69909ea5,
bf3c9485,
26d28839,
c92b11e7,
395b45aa,
d050ef80,
3ae9f1de,
bf8d3b2e,
ba726424,
f8a19f74,
1acf1523,
758ad31c,
62d5e66a,
794f8e9c,
49cd38c1,
3a20301d,
d1892314,
b58728e1,
2192d5b9,
82ab3b78,
caade5a2,
b430fc2c,
8c179615,
1d126fd9,
627851b5,
e7cd777b,
9d88aa41,
ba29d803,
5361779f,
ceb53e2d,
4e4c7c55,
6bdb4b6b,
0857b15f,
79920c91,
1d60879c,
31222c32,
d916bf10,
ffdc2ab9,
44127699,
db353f4c,
d27f0bfa,
c423d778,
f2c3e5c9,
479ae456,
3e960b5e,
7db3cb47,
e9fcd607,
67fb8a79,
0d11262a,
c4cb6497,
63c6502d,
8815e2de,
645ccdb9,
cfcc447d,
1fed518a,
f58201d3,
a5f1fd0a,
f76044d1,
a89108d1,
2076ab5b,
4486569e,
65721664,
106d274a,
bf1252c5,
209ad324,
4373e2fc,
921d010c,
feb266f6,
3371ef57,
9809f5d8,
094108d1,
77c465e3,
5a3ae7ab,
c981502f,
58162564,
5e4461be,
e15af641,
93988c92,
10169337,
99efb495,
c1afd3dc,
5bfa7a45,
3401b700,
c5ac3b42,
860bd038,
66d508a5,
4aa3afb1,
37e64c6c,
69a549a8,
991878e9,
fed767c6,
ac30dce7,
d9aff80a,
05adef2e,
6c8145e2,
14df04ba,
6fdc8c46,
64273a39,
323bf10e,
268bf510,
11ab0215,
86071c8b,
3456afbe,
e49bea2f,
0e4641ae,
10bfd8f3,
72c55444,
f139c116,
4241d2ef,
eebc4483,
7a62472f,
f5d380e3,
132cedac,
70d7f2bf,
92849071,
962f26af,
9cc0fd56,
687918c0,
5dbbf51f,
0ab5924c,
4aa9da3c,
72d8610c,
36a8e498,
c0ab1f06,
5736f0be,
10b9d4af,
32bbfece,
393c5884,
9132c537,
efd79669,
d3274be6,
ca21dd50,
52cdd1a2,
9201cd9a,
aa2f03af,
4198b0a5,
f15e846b,
ea6108b5,
e51bc97e,
3269d273,
1de1a6dc,
4c51f966,
6b603d0f,
87bcf191,
dff19f29,
3f7ddd78,
57bab889,
951d2d38,
09f3b07d,
f4b3088f,
6f092e34,
66fcaed7,
332c0186,
34e87270,
454cb118,
fdd7f8aa,
89a822b0,
319cd482,
05eccf99,
659ac1a9,
4876bd27,
6e198cd7,
c76e6e9f,
31840f01,
b3f86a5e,
e87a96a5,
a779552b,
7fafc508,
8700daa9,
e26f5d3f,
0cc64360,
57985181,
305fdfbc,
fb191eba,
88b3f668,
5ffdad9c,
a626dff7,
9d7ddab0,
d8375ee5,
db389396,
1e1f36b4,
d65cf1e3,
edee82df,
69c986b9,
e7db1d07,
dab99c9b,
08102c2e,
03ef73c2,
a37c26fa,
8d346755,
874fd0ce,
545f5b49,
c8d83e0d,
44f1aa28,
665c4b4b,
4e0fec1d,
47f52a6d,
d4b4ccf3,
4e7b3cad,
691c76c8,
91ece985,
5e1334ae,
5fc2108e,
5b52ffd4,
817638bf,
5c786e83,
fe9a7aa8,
be60b296,
be1813d0,
9bf9710d,
a1a948a5,
66407d1d,
46dfe853,
b8bc36b6,
910fffe2,
5a914214,
9f1fde05,
2337d38f,
ed1a64d5,
cd94b006,
f5b8940f,
71f1e9c4,
12f7035d,
5e6733d7,
50f4bbb5,
06c42e4b,
0549d029,
bb675609,
133ffaad,
63af4718,
2ced3118,
b5eb7f23,
6779953b,
866357a0,
0474d6ef,
8d4df4bd,
9aae38ad,
6144ee88,
f2eb7fe3,
8130ea75,
0f9efe88,
173c4d9a,
33814980,
d080c8d7,
24b26351,
66438ced,
65c32b71,
1d1ef1c0,
c24430b4,
ef4888cf,
efbe3d34,
890b614b,
a67c33eb,
fe208f27,
de1d05f7,
1359e739,
3536eca4,
204f43bf,
8a08e127,
5427e8ea,
38ed58e0,
4205d8e4,
7cf67c77,
eeafefae,
3a7883e1,
ce41f01e,
8fc6ac9d,
c8ad6d6f,
daa6b602,
f128bcc9,
52f0d159,
ec487d82,
fbbc5ec1,
59ee4afe,
b886b7c5,
5e4abf29,
c2fae19d,
f4aaf4d9,
4f055ee2,
097d04aa,
e80af136,
2ae5b127,
e4b246bd,
d60e6cb3,
0a66c0be,
b3deb31c,
666fe9d8,
3795f418,
cd412b72,
7c925b7f,
4cb819cb,
b23d66c9,
647192a9,
c412a650,
6aa5dd58,
3ac30967,
261af43e,
3e0ecb65,
c1eff408,
df35a6dd,
a32fd2de,
d745df5c,
4cbbcd61,
c5ad85bb,
9f4d0610,
578c3dd6,
853cf4f8,
b98f9ced,
e2c6db8f,
d52b621c,
4a35e23a,
849adbd3,
9966932e,
d8402133,
74e85d93,
b26ddde9,
3d47ac62,
2effc812,
2dc47fb4,
3e79768d,
c966a13f,
ba371361,
3f441c4e,
c47073c1,
6184e1b9,
0b08d28d,
a0587772,
b2c0b1c5,
b1246d95,
f2a1c310,
1b0bfdf4,
9122fe57,
f79da1fe,
d37625bd,
ad597102,
eaf9c543,
c62ccd0a,
fdfe3b91,
7117c2d8,
2ae9251c,
623ffc2b,
f42bebfb,
982b7ee2,
0f27d453,
8233e2a4,
dbd7050d,
2ab448a3,
fa6a9880,
a58d1063,
e800b4e1,
870c8edb,
abb8c10c,
26f19dc4,
a666d74f,
b04bf4ca,
4bdc1a2c,
df235427,
e7828957,
36516e22,
eef789b8,
2a37ba60,
f46f3d69,
c58d84a4,
bebd4e9b,
68d7694c,
1020dcd0,
5c54b6d1,
87fb507c,
0ff70e4a,
27a6cf5c,
e01902f9,
69521b78,
b63c8099,
6a474569,
c8db832d,
b34bd81b,
7cfabf1d,
f361e306,
a23f280c,
d67d26d0,
0e202328,
6f2f83f1,
0890aba0,
4e5f33ec,
131b484d,
314a5309,
5b722f7c,
5785f84c,
c8d82700,
c939d0e8,
d57a718b,
3af46bad,
4fa100eb,
a6e07a80,
3b7c0bf2,
6cbb4515,
ec553c15,
8bc24641,
eb6b8c9c,
878327ee,
586a7c23,
9fd3b0cd,
8920467d,
0ca5285c,
767ad371,
753e4036,
ab94da94,
73d5c7d9,
6a284a5e,
dad6ec6a,
b410bee3,
18999e53,
7e4b7db9,
4463ec76,
4add362d,
3c6861c2,
0d64e9c9,
7c8fb063,
8aa58407,
24e13d9e,
cd26e034,
836b79f4,
8ae62e25,
eb8d961b,
f35ba71c,
bd1b89af,
20c271a7,
4a596eee,
6dc6b037,
c20d3996,
7bb7c16c,
c8e246cb,
2a48822e,
ceb6d5f9,
d0b5100f,
5a238d75,
ace9de3a,
ad61fc3e,
8eae8130,
795cc5a7,
86d88dec,
57dca1a4,
f3d5d6b6,
59acd178,
9728e979,
853a8450,
8372c478,
0a4e56f7,
e018dd69,
f5630ffb,
edf58946,
02e9f5ef,
50880f7d,
44a4d398,
7bd2763c,
3e01263f,
2da93b6a,
c9d51230,
a3e86448,
dc145b42,
c9523628,
d712c929,
ee1032d6,
450dda98,
c7742713,
b766cfaf,
46fe9f9f,
1f24ccea,
21e30b9b,
c9ddf46b,
e704e739,
26e3e32c,
c59edf13,
58123c84,
bdb73a47,
2a86885c,
af211616,
e84736a4,
3fa49e87,
798896ef,
4cd94da0,
dc7476c0,
17054012,
87961bc2,
b51dbdef,
0f8c90c8,
8d2e78e9,
6989d8ba,
d1340d9a,
d32899c8,
78e9716f,
957e2f42,
9d4f6f74,
9e40ce67,
e6a728b9,
45377433,
204af415,
931e9913,
8f28fe79,
81026831,
cb825aa7,
dc9ba36d,
e2814d1b,
f73269d5,
335393b7,
6032539a,
2292b8b1,
2e9b36ce,
8c34cd19,
ed3c0fb1,
5c34850f,
2300b21b,
98514f55,
6260d2e6,
bd7d9c3f,
6b838f60,
472c98f3,
fd78e8e2,
3a449b8c,
4a42f0e4,
d8b4b0b3,
897f54fb,
1541b63f,
b62b4958,
b93fc8bc,
9f93c1a3,
2b1f781f,
3fd43633,
fed266ca,
d20b2c6a,
be228e53,
c72a47ab,
a6646094,
423af8f1,
d9ba2fb2,
8a727512,
f11b541d,
e5ab4adf,
e83c7569,
57964aae,
845700dd,
4fad761b,
ecdf815f,
f5ee88ae,
296d1dd4,
0d7a10ec,
607c6184,
14dc51d3,
39faf61c,
1ba06ec3,
87fb2558,
bbb19469,
ec7b1261,
5771fa19,
490dcdf7,
cf9d2bf8,
ea32a41c,
261fb96b,
4e679da9,
d3d9e5ef,
2394c059,
b5edc24e,
3f5e9d7c,
56141a07,
4369e8de,
cf128791,
82a41a7c,
0d8587d2,
439682c3,
58d695e7,
725f69c6,
7eefea4d,
f8778f7d,
57a4f2e0,
cd3a2ae8,
efc0b736,
67d9fdfe,
8e754b96,
e0aa6f5d,
ecb4eed3,
d312a57a,
ec9765f4,
df5facd4,
562c749e,
386c6a76,
3cebc81f,
63140dcf,
54ee2990,
4f779775,
ddb3b1d9,
e878c958,
1f937be4,
c7f60cb4,
db153edc,
31d31c29,
26278eb8,
ee13c763,
7d437009,
4ae74490,
f0d772de,
6b0d7744,
27af605e,
f145f3ec,
f8ba8be5,
47d7e0aa,
106a6b11,
6c07fb8c,
fab586ea,
5b636ddd,
89955652,
686124bc,
72a67a56,
9c70d577,
8e2fa53c,
f579a396,
f90c3a2a,
1c633076,
c3409093,
2ce7f726,
a3b60e3e,
f7c49a0e,
78a119eb,
3046102b,
124fad69,
59c84910,
61f8bd18,
8fb58409,
0946da27,
ad1219fd,
0db48e0c,
748e74e8,
31e5bec1,
dd6bc722,
c9586775,
e364ab89,
85cfc9b4,
507be166,
d99fced5,
a77ee8f9,
7d3194fd,
ed69e13d,
f0e82d51,
c3a644ca,
6b367b22,
70c1700a,
91842f7e,
00d036ad,
0afa0d3b,
920e73b8,
01facd8f,
9974b259,
63d66e60,
8f933fd0,
f2d92d99,
cb15395d,
fdbb1bf1,
069f9a0f,
4ee9f837,
41e61083,
839f927d,
5604aa35,
68645e76,
dd14ed63,
ebf92ab1,
61bf03b8,
80b50870,
ab507744,
ac7895cd,
cacb7e26,
75dfc3c4,
77517dc4,
9d041ba8,
c25b7afa,
1f54a3a0,
433fb89c,
3bf395e7,
4094f3a5,
45a050da,
6a33aa45,
2aa12236,
fef22753,
3018a89c,
b8eca6a7,
c8fef63f,
ee03ba4b,
123ec06d,
71129166,
89788224,
2af1da30,
ef92604e,
a6e4d7a2,
af42d8e7,
8777a66d,
d644eda4,
1538541e,
f0a0c28c,
fff51f48,
57450e52,
52e62222,
79240363,
a1b3c15a,
0405bb25,
0f16ab54,
bd5d9634,
11d77bd1,
00627a56,
e984cb56,
56df2959,
bdce4c9d,
b2d6ad88,
ec09930a,
d2b554a6,
c5a5926c,
33ce39a2,
e092dcf5,
0f1f16d1,
6c06d326,
0aa9c147,
1f0699a6,
c971ea89,
ef914eb0,
0a70144a,
ebc2f891,
188ae822,
a57ff35d,
d944b0e6,
ed2e4d00,
84648e76,
e97866e9,
d6e72e78,
3856160a,
cd4f4243,
05b89d0a,
8e556a4b,
71129e26,
8fb3ef8d,
fb425d85,
7b1dd8f6,
d2815a5f,
16d0b19f,
92eda776,
4921a2d1,
b4e2e7bb,
d6b8cbc8,
663e3c32,
c3f19071,
cd42a6b9,
5150d9c9,
d013ea1a,
de9f331c,
97ff32fa,
263bd1d6,
6591e0f8,
ac8aac2b,
e643bdfb,
9313810b,
ee895fec,
9c02157e,
b8ac8450,
a5775430,
ca884084,
eca1013f,
35702494,
3d25c79d,
15a5b56e,
5d45f164,
689bb36f,
5d7d90b9,
c03af65b,
ca45fb66,
2e36d448,
5e1f6ad6,
6fcd4f59,
699dd866,
667deeb2,
3586c060,
9f9eb1dd,
1c181f5e,
0d96ecd1,
f2043ce5,
d25f7757,
5c16cdd9,
7e39863c,
925fb01b,
44e0df21,
fd56a860,
2555e08b,
101af4ce,
e1ca3831,
1adc212b,
d26bb5ef,
fd96f54b,
edc2d214,
c085595e,
a5ac37ea,
6eb04bd6,
382fe49b,
51f37bdd,
3c72d3b5,
e80adca2,
3c690631,
203ed10c,
ebdab477,
4c1342d6,
c3f4ba3b,
09aec8ff,
f2453358,
e6155c8a,
81eb87f4,
f37e6827,
eb5744fc,
29020e44,
8ed35157,
3733db88,
1b289343,
39c03448,
11620990,
8ee2b531,
937e759b,
5240b2c4,
d09f1778,
12f2dd1d,
0fc57cd9,
ebb09179,
c765bf52,
b7ba809d,
c14779cd,
575c665e,
9132a3db,
adc49e1c,
a7b84f3a,
fff456c3,
223eb57c,
5bbc8cf2,
d97bce50,
783734ea,
75205b2c,
60d12b7f,
1c8846fd,
2cc17f92,
04de572b,
8529bf53,
51de700b,
ebb6c85a,
8d176820,
ae66f828,
99421fb8,
b14210a0,
b501ed36,
96d0a0b1,
02019977,
82a6c714,
10d62f60,
0993dd1c,
8a47e2b2,
743a92b5,
ad61f5e5,
515a8181,
5e6d7e14,
66777590,
90bcfdd7,
6a41622b,
c20ae35c,
41656058,
2e95bcf5,
e71b7842,
faf4b992,
b97da2db,
13282fb7,
7c659c6e,
772f8761,
4838cbbd,
bcc37b85,
6145918a,
68c3c624,
634dbe52,
4d077aba,
18e96bd3,
93825bde,
0f43eb0f,
660ca76e,
06d9d752,
945a1229,
c83a359b,
c3a3f9c6,
dca834ca,
720b5751,
1e636d97,
267a4c4c,
4415f378,
5946fd70,
beb9bbcb,
b41f801e,
2bf3c51d,
ef75a34d,
d0fb2eba,
e8627458,
bcd704b5,
0d3e692a,
b5d97e85,
b943cc59,
93713c34,
8f26b0fe,
f68b279b,
f17c935b,
68b78ad4,
3bcb7aaf,
a264671e,
3bb1c1e9,
d742a4e4,
b0efa38e,
2a027b5e,
5c8bbe4d,
7a9c2850,
de560031,
05b23bea,
6c5c0005,
bdfa7715,
9501d9d4,
0f1fc662,
c7928730,
327e6d23,
f08b829b,
0fb479f4,
215ab2f9,
8732cc6f,
12433c87,
15ce49d1,
5ab047d0,
fbba2ae5,
010f29e1,
d0164568,
76833662,
2900bfe5,
7519c7dc,
9d3932b7,
40647e5d,
71942262,
5abd898a,
884ae108,
848afaab,
286a5942,
c4c5de35,
0c78c9ec,
b20235c1,
761dc3ce,
8a8d404f,
751ce583,
701a35d1,
f2d6fc2c,
ec76738d,
d9dc620a,
58331795,
6c80b214,
d98db305,
673c825e,
efd7ed61,
e72ba3d8,
05d633b8,
8e0c9332,
c37d33cd,
acad7183,
b580d62f,
874053b2,
9c80e5d3,
eac1db88,
3b683ecb,
60e1771c,
c545b866,
53069844,
7b09ce84,
c8323963,
5f163edb,
caa7b4e4,
dd93b59d,
9fb82fe5,
b05f88c3,
7c443be5,
6abfe269,
cd99a348,
9cffdeda,
73e2cf2c,
30794cd8,
ed71c0bd,
8253d461,
7e3d066b,
1d56b03d,
adf0b8b5,
2fd913a7,
6bed524f,
14ca5aa8,
75b63256,
2ecdeb93,
422317f1,
2528cb78,
70a3635d,
8ca2e8c0,
eae465d1,
dc0c4a4d,
37c71899,
25d4aad3,
3664e2f0,
76cd8677,
95bb6412,
d5e85c71,
f9c0b64e,
4658b87a,
553629ac,
ae981913,
8ab3bb6d,
7b0e1bb3,
fe17339f,
a3af90c5,
162b4f47,
50adff85,
70622224,
8ce0a494,
9fbee594,
4f128be0,
1acc4e08,
86aaefb7,
1580356d,
34fce98f,
8b827908,
d63ef6f8,
2cd9e243,
9a83814a,
7db6880c,
20370ff3,
e2496f64,
4fc9c2f7,
d3684421,
b2962000,
5a9b413e,
a9e3ccf3,
978f86a9,
761039fc,
7cb51fcd,
f8a2f5de,
7305fc20,
a81367e4,
a6d00abf,
49743d38,
4eec6fd2,
cd54d830,
db7f2edb,
bef4fb1a,
5b12513f,
ec4dd059,
2165a348,
d82db19c,
83c008c2,
c85f399b,
0ff24b04,
65a3ce40,
72b51c8b,
cd1eb36a,
e1ae0313,
648d346b,
3909af9d,
b39ace84,
a28ada23,
ef30c7b2,
eabc1a64,
0b3fe7ce,
ed495320,
f889e6d2,
f8e1ec71,
c3b9dd7c,
4fe740e2,
17fa29f9,
1def9486,
0044343a,
3670fe9c,
302a35e1,
052803ce,
ea68253a,
abcfedae,
1c6f5846,
cf9074e4,
1eec2a2b,
f5b9d540,
187cb2e4,
3da27bad,
804162d7,
0cf4585b,
6f2d7dd1,
c668d643,
eeff0020,
14aeb6e0,
0fce66b2,
cbe326ce,
c9d1d126,
3e0e7fbe,
fb618f4d,
2ddf1336,
5c4ca442,
91b09e95,
836dc385,
9eedbf37,
eac4fbea,
79c88e66,
b85c7f87,
0826d59c,
7bc6c3f4,
237cbe43,
75f24941,
bac3e4b8,
bc13fbe5,
c00ff12d,
e58ae337,
321f7294,
9b46959e,
b2974202,
dc7aa4ee,
be028dff,
548ab19b,
f5bb9f4d,
c6d9f093,
a4438973,
9dee92c6,
bd45d203,
ea3d40f3,
b4c91d9e,
7a2325e7,
942a2101,
4455b43e,
0c877ea5,
457a5ecf,
ccf5de6f,
8fe8e225,
d81f6522,
327fa147,
f1b8de96,
72b89550,
49625ee9,
30153873,
2209f793,
d49f644f,
5eb20c3d,
db3f6f54,
98418f20,
a127685f,
b36071d5,
5309e0aa,
54fe2c83,
0471e264,
2d37211a,
952ac973,
cc9f1735,
e9331c9c,
c6c05b7e,
8095693a,
ecf3a926,
0df10d0e,
6b009860,
b2b43f2e,
8f11e9aa,
df33691b,
906c9fdc,
76225c9e,
cd67fae4,
913a3c18,
00039e77,
eb1dae99,
78f6952f,
708b71a4,
fa7c82ac,
e02a167d,
49a0ca6e,
326be3b6,
ef9e5eed,
b7f9f83a,
a2ec7e70,
836d23bd,
66fb4696,
86985440,
4c7e15d5,
4aa0a2e3,
6bb83b20,
2373a9d5,
6fa9c553,
3a636923,
8148dd95,
fb0a1ad6,
76c23aaa,
2ebc4e75,
ad9bcc1c,
bc55aa3b,
ead2a8e6,
17814f4f,
19e7d079,
49e6428f,
7c189c2f,
fde4145b,
d12c2c03,
4e649431,
d82f4ae1,
2adef2f0,
aa24865f,
11d2c97a,
e6d22342,
6c2164be,
e42b07b5,
fcbebb34,
960e180e,
c6e8718a,
85100135,
0d2e8785,
c42e7e1f,
005ade3a,
c8c4bb7f,
da590e7c,
68b814a8,
dfe41442,
97908b94,
665518dd,
38f26af8,
61b84889,
62c51eb7,
51324635,
5788f733,
82361cc7,
d37bf243,
19f2e74e,
2d1497eb,
503e7b6e,
28c4bbe8,
dbbde541,
89c5d55e,
7a7c56df,
0d576588,
8ec3bc62,
023fa683,
e386799e,
c987dd3d,
4eaad028,
ee6ff8f1,
93959bd8,
754278ba,
8232bdda,
0c577747,
e7ce325e,
94fbcac2,
3fee8b60,
6dddc2a2,
c6022224,
875cbe02,
78ef3f4f,
3e66fb9b,
f42934d9,
3657aa59,
5ceda07d,
46b04e67,
35924b97,
db7a1e21,
90c27724,
1887fcdd,
f51e64df,
075b6d9d,
9b2bd34f,
bc849093,
d73ecbf1,
f1b9a4fd,
5454a56b,
6530f2b2,
6c639ec4,
a0d86a07,
bee02c39,
f8496733,
eb499bcd,
3441ff3d,
2c69597a,
a41bfd22,
b0e811a2,
dc29ff2e,
191cbd0e,
4b332a7d,
bf16f0de,
7b4273ab,
b59e4b55,
f5eb195d,
392192f6,
aa8f066a,
e9297579,
02053b8a,
3267fb80,
f06927c2,
0838cafc,
35fa7ab5,
f88359f4,
c57bb354,
db15d512,
df6f4ceb,
3cdb54e1,
b3a91d37,
d126de64,
38a2f1c5,
0c2bd8fd,
597df6e0,
78514779,
90eaaffd,
80be55de,
5e277cc0,
7764536b,
bef22336,
b094acc4,
b4453d82,
86ebd16a,
ecd3cd43,
4333d159,
03bbff1c,
3771d543,
6b5bbcfc,
ef636ca4,
465c21b3,
ca1850b2,
5beb235e,
353b4c97,
1bd149cf,
71cf69d9,
acc40735,
7988c6c8,
1510c892,
4952d0ca,
81dcfc71,
0aa6321d,
b9c20cde,
aef5d8f4,
f09b6b02,
c600aa26,
3cde6e70,
6917ca58,
ebe43070,
f9c3ab7e,
dcacbc98,
74587645,
19564efd,
5dee29bd,
0a3b5b60,
c69d7f69,
e57c1c1a,
9ccb4d50,
e4f0dca1,
07336dd0,
c50fb18c,
a73257d7,
dc6fe67d,
6be6e5c0,
264f93c4,
abbbe158,
05068a7a,
d3072abf,
a2bcfd17,
15575239,
feee0d74,
052715a2,
d40f5254,
e5bf07f5,
c2333fd0,
3d68413f,
c8136fc2,
6e53f126,
521eefee,
ea5dd1d2,
0391b117,
07b9a4d2,
5029762d,
acd3f616,
c6d0d10c,
fbcfa993,
556b96b4,
3f69ffd2,
515ada4c,
d0bfdb43,
71459ebd,
ac92d165,
15354a6e,
198656bd,
3a9315b0,
4db31a17,
0e853d41,
af9b3499,
3d1436d7,
2073cccb,
5650f92d,
0b5f9703,
199be109,
ed4a7a09,
8f92705a,
c1852793,
1450c661,
79c9592a,
63b0f042,
d380ffe4,
779aaf13,
d3708a44,
a0ca468a,
8ca54042,
54e24d41,
258fd7de,
7e8a4852,
583c46f9,
c9cb4e56,
360f9a65,
70544069,
859acb63,
b8cf42c7,
42d00ea8,
b6085ec4,
9621a180,
3fc974aa,
9cbd86b3,
2c1d1fcf,
aa9b3a7e,
aedc2d4a,
db74a812,
492d4ed9,
ff056528,
32f06b1f,
5d5c2c49,
1e94fb30,
09d9d6f6,
03fae7dd,
db1b3d81,
4bd11864,
c6c05db2,
15d4779b,
c796aba6,
97d4348a,
618c38d9,
b81217fc,
e0c03b26,
c41046e3,
2cb5f67d,
6d018996,
dfb6e7b2,
94182fe1,
9c7dbe56,
c27acff2,
f4c71826,
f0d3c727,
2ccffc43,
f007e5cb,
1b20484c,
ace758ec,
8834cc2d,
21b11485,
60dc0d39,
47d93443,
eb2d0b16,
365aff1e,
799b145f,
bad6b817,
3de02b6e,
d4d95e92,
b7271264,
31e008f3,
d24e4e8b,
1bd181af,
570dfe42,
daa22075,
3328fa94,
1ed90317,
5b8a6e8c,
f083f505,
5dea950e,
3aad0524,
b9311e90,
e14882f4,
3c214a42,
b93b3b3a,
7c7f98c3,
112eb8ca,
6d42c554,
ae60dcb0,
e139f8fe,
6bb003b2,
eed4877a,
cea345ed,
0c0fbd9e,
460dc25f,
85b7d688,
f39babc5,
c749744a,
dc8991a6,
543c2b1d,
8d953701,
eb877195,
91506a29,
c14cd01d,
f0c4e5cc,
26e793e3,
903f5b05,
3d66966b,
0e240607,
74b46125,
480e1e31,
f2f3fdcc,
de8df1e7,
3e356fd1,
0a9ef510,
086511e3,
6a52302f,
3215bdeb,
c6327a59,
b5cbe4cf,
130fd03c,
853c570b,
c989dcfd,
ac99773c,
146e71a9,
5216cb37,
e24625f1,
bc0f0fbd,
9410e1de,
ed0eebd0,
0240b03c,
367cbfbd,
841a3ca4,
45f65db8,
584f1fc3,
25620d29,
c8e28b8f,
130b4a80,
f884853e,
ea43e358,
37d77a41,
7de7a513,
becad3b2,
b7706533,
b2615167,
97f3d589,
c687e96a,
1fb2a2f0,
635fa60c,
a481e87c,
be00c473,
2e582feb,
217aba0f,
a68a51ee,
b3bbea3c,
0cfd3731,
169f6363,
6c5c6328,
593b6b02,
8822bc4e,
c9562f07,
2e21f39d,
95f70706,
874cacd8,
0d445c13,
52f468e3,
f032b3ae,
d3c0814a,
551f16d4,
4e1b75bb,
7f57b33a,
9393d5c4,
8e378010,
a3943c5d,
49799627,
b24d63da,
cd0c1514,
6f98ba40,
9b330e2d,
91d821d2,
fe6ea5c3,
f7ae536b,
c7bf5ab0,
e963c566,
8dcf5e55,
fb98b27f,
6fa8a0c0,
9e13a624,
aa0dd220,
6add751d,
a9b0ae9a,
5298410e,
580b75a0,
3f1c4757,
9fe748d6,
b89fdce3,
60e6aaac,
066b5dee,
11b56ebf,
0eea8e7e,
6a8a3dcf,
6c1d8fb1,
70c080a1,
124cc170,
3fd6e4c4,
e2a5b428,
a5a31d56,
564120b2,
b291bb84,
50c5bc59,
98570ded,
163c799f,
0aae44aa,
ae2babef,
d71c438b,
8548dff4,
be647222,
0cdf0b64,
56649057,
53122758,
926ddcb0,
fc0aff4e,
c8c1cb62,
e9f60993,
01e93494,
bf964480,
278a4718,
8f99f3b8,
81f86b9b,
250981c6,
3017775e,
dc478308,
3f95c854,
7d77a199,
be208009,
6967108e,
0066b10a,
4d9a0278,
f43b297d,
41a89f9a,
43f9b808,
ac7a2365,
bc7ec6e9,
624103ad,
1c84adef,
22bee69e,
add2c6ea,
3d65f425,
c66eafbf,
247f967f,
bebc8997,
4fd29cdd,
46fc5de9,
7bd606a4,
0a6c702f,
30cce40b,
67e0fff8,
f382cdc5,
f3957d15,
7be07045,
e2f14aa1,
8024005e,
d57d3f8a,
ba804e6f,
34fee0dd,
d6d007bf,
5666b944,
6bcf6a8e,
40bdd207,
48fbf38a,
f278c7e1,
90307bda,
29de065d,
0cb62fd9,
2b9fe91b,
698ca19b,
7769df7f,
a13caf29,
b8433888,
9dd1621e,
159fb816,
0b6e68b3,
8d15fcd8,
7597f793,
01bda739,
a4c314bb,
843d0800,
63482ac9,
ccbe8027,
dbb3375f,
4e1466d1,
db58062f,
d22e9e90,
dfc921c5,
eb40e51e,
f922613c,
1f20219a,
92fedd62,
a3f687b1,
64dfc7d7,
73f55503,
54cac72d,
889b4952,
1f69a4ed,
ef93a117,
84be22f1,
38ca2256,
20bc8f26,
a174f9f1,
1ffd1813,
a9236838,
87ed7f30,
a6f9653a,
8e48fe72,
3b51074d,
e3b814cd,
190eb7f6,
a9f17fed,
9b7648f2,
f8f55555,
697421fa,
72ea5c17,
0e547a7f,
0c0908d4,
3b2ffde8,
394230b7,
e735e9a9,
3f7eca73,
1477406d,
a5b4c4f8,
aa557f19,
1425a1b3,
f2100376,
78402d2a,
d31442dc,
bc76859f,
3955a909,
fa9a803f,
a2a9f9a3,
38a074f8,
eef3a5eb,
81871ee8,
07bc3ab8,
0feeb98e,
0b622657,
915fcd67,
9506ee83,
7e563cf4,
47d48e83,
96626f41,
b3bdc423,
5d8a8ccf,
f0ce3a5c,
ce5e693f,
9a176084,
8e050a48,
a4dd754b,
72c6dc4c,
d05d6812,
e3f6f380,
4a8ce195,
f3eaef25,
ad1fd44c,
bebbe2e5,
7857ee21,
31e53299,
ff22b043,
d4faea12,
2478eca9,
5f6c3880,
ce42733d,
8addfb6a,
705c748c,
8e3c8e61,
ab8aac26,
e0bee34a,
f73eabb4,
5157b739,
f7976df8,
e4805f99,
79b5beac,
c77c02a4,
aebce9ce,
975fd98d,
e526790c,
b8b2b7fa,
17139883,
a9fb2ae5,
41949d8a,
e5bf71db,
9ab7c6c5,
ac8c37f4,
83fa6971,
b7a558e8,
39a7c2a1,
762fe2a3,
e55f8f66,
d018e509,
7a787cc8,
da91f05a,
aad3855e,
ac8df871,
d247a0e3,
0b98c41e,
64ae43e1,
9262492c,
6dfdbcc7,
79c23638,
bf136f7d,
383b16ac,
10a58e2a,
db893bc2,
e5e7b05d,
6f841aef,
c38fdc78,
d1009de0,
b91f60b6,
d47d095b,
972c771d,
81b916b5,
77946e8f,
2979578d,
294e8dee,
fc29c1a9,
34a4d603,
0d19d5cb,
616623e2,
5a69c76d,
5d3e7669,
fbfc7d71,
ba275430,
fda9fc48,
acd71a64,
be456198,
08169e60,
5c57b140,
bfc2932d,
e3ae55ae,
4f7a5bb9,
1bebcfba,
f7bab603,
c24ded52,
9242e832,
7af0dee5,
3f7d6c62,
6ab06443,
4854eb37,
0713c2dd,
477967b5,
2f0f8ad7,
0c5a9b96,
671ba6ae,
2684c6a4,
e1aa9838,
d02d723d,
6d0a03ca,
8dd36a83,
65d093db,
3794dd49,
992569d0,
d6377b4e,
fda1a231,
a17ca9da,
baf87622,
6eb57d4f,
db5581d4,
3382ee99,
0a04bf54,
4a8d6968,
3666a5c9,
f0afd78a,
04738b7c,
05b2a989,
2b5e8e7e,
200e4ccd,
5b99488f,
5b7bf7ad,
3e4a4a8b,
df2f1477,
89e85ffb,
078a3785,
2ab3e390,
97be4341,
66764856,
7bbbf236,
de4a384a,
af22f1ec,
07d26d12,
8f0b2b7e,
ee48bef0,
b5baf9a1,
fe3db7b2,
4293ccaa,
875df463,
90b18c01,
3f7fd9f4,
7c372db8,
cdb97bda,
25f685f9,
5e11aee8,
3deeb984,
c6148d09,
cfcff27c,
77217d80,
3c8df871,
e9502093,
3ad6efb5,
8a90b2c3,
395de0a6,
8e3dd6e8,
9b00c5c5,
67ad332c,
ca3bc0c8,
f759e363,
58cf207d,
49b365f4,
9a3d5168,
4d45ad08,
7b74b195,
4b1d6195,
320bebdc,
8684c579,
c9fb397b,
2de7ab9f,
901e4e5c,
0aae58af,
e98ee57c,
d870ed29,
0b4b9c6b,
6d7e6aae,
f8900c12,
e52f3148,
5fbbdb77,
ca81bb58,
b4683e8d,
52b7a4ee,
cce9f6ab,
1baa3ca4,
75c19208,
9f3da3d9,
a09b10a3,
5ad88ee2,
6c6a14f0,
46daaaf3,
d9d0ce16,
f17f7e3c,
32ac51c4,
1179a0ec,
c0948b07,
5b143000,
2a7966ce,
c7b20bc1,
131c58ec,
649d14d0,
5e256576,
02e68fd6,
091330c4,
e91c4f1e,
c494e950,
8b27a3ef,
795e0a6d,
d2a67576,
4fa2d910,
60d9525a,
b0cd7239,
5e99f98d,
94fdd56a,
c2fd9be8,
98d2c03f,
194a35cd,
f03f250d,
bb25ccdf,
c65c326d,
50c0722e,
ec6c8405,
9b0b3063,
ca35349e,
1640674e,
0841ad4a,
fce08139,
4334c1e8,
0ff82885,
6d63c348,
b0f9a3cf,
f6bc9440,
1fbc9afc,
01766602,
eff6c5b0,
182d467a,
db48c9cd,
a5a3a76e,
c42f59b0,
cfda0884,
dacb881b,
2b5b8d25,
0cc99659,
1f60d5b4,
ccafe5c1,
a8943e11,
7fa2e3f1,
d5d8d36d,
29a4de8e,
04756767,
cc6ee449,
4fa0e237,
d8528ff3,
87b09ecf,
75a040eb,
bda72274,
e6a3babd,
d8d78d42,
dec70bde,
3c6b750e,
bad4ccab,
de9803a4,
45b81714,
bd69a869,
637aebdd,
85f26397,
3ef5f6cd,
5224f1fd,
166bc310,
79d6c9ba,
8a05a3ef,
b5d8ecde,
74e9ed25,
a9bbb79e,
91159d84,
98533765,
9aa87b9b,
3c9b380b,
a3a9905e,
5ee8515f,
2c6e09e4,
fa863de4,
36355ca8,
eb331c92,
e5f8221a,
84c86a91,
8ac057d2,
9fb4ad30,
be53163e,
33f8cb68,
31c75fb0,
53fc8e78,
70cf243f,
6afe28fd,
496415e8,
3c9d9714,
089eda26,
429feb3b,
e44efe95,
d20927e3,
29dc3409,
41d278fa,
39c7d41e,
06d42b9d,
52011f1a,
63114bf8,
c9515d53,
8650e104,
113f6f4f,
5221ad66,
de35d1d4,
3a524181,
edf2b61b,
8a24c297,
28fb45d1,
232f0955,
7c1a2593,
436f5c75,
47f32866,
5ce3b22e,
93cec75c,
7a6ba599,
753a2974,
048b4378,
b0717b02,
7d142977,
f7a78279,
15827e2f,
2a059240,
99d7cc31,
a11dd2fb,
d36f1f1a,
678f7a6a,
a01431bb,
c7ebd434,
6fb186e7,
87e3bc28,
18a00a58,
4f69908f,
bf96bca4,
a02ab7ae,
12f85664,
75d6c14d,
7339163c,
e1f51870,
dcc21a5f,
9402ead1,
e6e7500b,
4d27af23,
834335ea,
278d5f0b,
1534fcbe,
4cd1e21e,
1815f166,
d3b538e8,
05ea257c,
332c1933,
d4ed667a,
b4cf2df3,
a38f245f,
d9efe052,
de250fd9,
bb45ee87,
926a0fe4,
47892b05,
dfeb5a76,
8f960f3f,
fcca3731,
b91c846d,
9ce5957d,
62621e12,
ec5eb2e2,
4b32ae62,
10ca598e,
8919fde1,
f925953e,
30a9f6ee,
444c77cb,
47ef49a6,
23d6e57f,
dc0ab9ba,
3562d458,
8cc16653,
b07d777e,
03995807,
aefc27dd,
458e5119,
819f9fcf,
e277a9d6,
3b46f744,
1067f949,
2caa15a8,
d929f323,
00433bd4,
09dbeba5,
27b6b177,
3018a9cd,
45b7f3a3,
59ff5f00,
e00d1ff2,
d07c8250,
4696f1a8,
ce0d5c76,
aa40c583,
dac3a78f,
3e84fbe3,
4e8fd6ed,
f70b1237,
fad79c39,
bc0c9812,
93003cc7,
7027d8a3,
c0a06a48,
bccdf5d6,
d6770402,
b4f0736b,
836d6598,
fd8b539b,
dca02a0a,
1c3058ab,
f1106799,
a3d37713,
1619ad3a,
45f6089a,
425f30de,
ef5e1a8a,
bdd6af1e,
3661b2d8,
dc640b8f,
2494ec31,
6a5c5743,
93f75492,
24678362,
39546551,
f5e6bec1,
2c895c1f,
84907b95,
a2f94a5c,
dfa28d40,
fcd6d9b3,
21855bda,
608e23bd,
365208d5,
b8ee25d6,
84c53723,
cedc5e42,
a4d17f35,
791cd367,
dfb74a2b,
e0f2ad7c,
e0fee3ca,
d755ac23,
964fb3a0,
fe97c120,
1decd526,
09f10eaa,
7620cc6b,
87b57199,
81af8ee6,
a5905fb7,
0c3b28b0,
f44dbb92,
fd793ea3,
7dc67d93,
d0487e7e,
e4b1e0a3,
5453eec5,
05a64e4a,
c9b0d19b,
39bf010c,
6143e6a9,
9f03fa39,
177e5fff,
4a9205e2,
0954906a,
ce661bf1,
db6c5a02,
1d50886f,
e4e385e8,
58ef6cf3,
33d98733,
9f45cc63,
0689e964,
fafd82e4,
25b65d3f,
8d5ce7c2,
a9f04c49,
99e85724,
ea446850,
6521bd15,
e02cb2f4,
e5b602f5,
52176839,
7ebcd51c,
597c1af6,
102197a1,
c8714e87,
dee3f0d7,
f9ff9931,
fda9f1fa,
542076f2,
8b47b045,
b7b7f73c,
a69f8ab6,
8a2279e9,
b01c3d7b,
00edad8f,
622b8166,
eace5f18,
95cd5fdd,
62f98d8c,
aaecd64c,
7d8468da,
6dcf2767,
a7358ac8,
6edf9639,
e4256570,
975b25c6,
c1f06cfd,
b2fd9030,
cf6ccbba,
d8cff61b,
b6f90617,
233efbce,
cf61496f,
87910dd3,
0c1aea9c,
0ecc5e17,
87985544,
273eccb2,
7b5d1114,
e3de05e7,
9a4c0d6b,
71e487a1,
d6ce824f,
516b1c68,
8ce6ea2f,
145f3f00,
29a07ba8,
c9297bf8,
b0b016ed,
caf80b94,
822c10cb,
3b9b3029,
c0186c86,
2ce6d0ed,
3be5d586,
1ffac4d2,
31f576f6,
4475e62f,
bf30074b,
701b3966,
5f4bf411,
3abafde5,
3b3b3122,
6325a27c,
50fc5068,
5c434d4e,
f1b39954,
bca6644c,
8b88eaae,
d6a1c630,
5348cd49,
837ab3ba,
7af9183b,
94c9ce14,
24e86b08,
846f902c,
d400d1f7,
9c0b601a,
e419d578,
fd3b4f48,
13332801,
4035ca46,
d6a6da0b,
f531f8e3,
cbe52faf,
e31266c2,
cb600e2d,
63bce010,
820ad7b5,
a7e688f8,
c4c154f2,
1631b04f,
5cc1e0c6,
e328d7f5,
023f0051,
33233547,
eede16ea,
ac1024df,
a2e161fb,
6362f539,
bc28cfdc,
81e41b8a,
b1123729,
df3d047f,
8c04bfb9,
2684963e,
32c1c000,
ca13e1a1,
cf208094,
3ca932cf,
05595b1c,
c69c51e8,
d0541100,
e3df71d5,
01f4bfa0,
ae8260e5,
449065d1,
7659f039,
3b34e72c,
e680042c,
a683b123,
a05264ee,
b473f04a,
08e9a86c,
68ec648a,
214d6f84,
b5da7780,
4ea562a2,
3805d386,
a7bb172c,
cced52c1,
433629ae,
2a3e9786,
f0a33c46,
ec274a77,
bc37f4cf,
7c183fa6,
844ada6b,
0e52f0fb,
b4b98cdd,
23c4d7a4,
185722a4,
cd1df2ef,
bc66db85,
6a2397ba,
520e686c,
ae8e9320,
def53638,
99f97a97,
d5f8a31b,
e1697149,
d7bacecf,
4481dc61,
ceab7476,
a2e7ea04,
57b5996e,
98db45fb,
426b0063,
6c4fd897,
ba0934a1,
027aeed6,
b69ac63e,
e2ab32a2,
9b2d317d,
76fbeba1,
06d3bc44,
e003f902,
febc471a,
d6c6db3c,
d6bebfba,
593ce34e,
89f5321f,
dc68cdd7,
964228ad,
7a5aa908,
fb05f63f,
f80ac75d,
92bdce13,
48d537a4,
e62ce672,
1404f59e,
4a59a726,
43f1052a,
db2122fb,
8822f3a8,
cf410007,
fe6521ef,
adfcf434,
fd99ae11,
70dbda9a,
c3b3b728,
01e011b0,
e9d84cd5,
91ce5efa,
b95dc9fd,
91a124f9,
f5ae28e8,
44c6c3ea,
f7dddb76,
e98803be,
1717d7fd,
9500e68b,
2c77dbda,
49c6c7ce,
35016241,
c94302fb,
f237c394,
54c67e01,
f68736f1,
87feb678,
3e05ec56,
48a53031,
c5bb81ad,
57a8656c,
afe18be9,
36f0d868,
03278f02,
394f4611,
ce03a88a,
85ee03cd,
fb3ede6a,
70be560f,
e671926b,
dc826729,
a2dc2153,
ba8fe056,
d0f88a4c,
cd185303,
0620e492,
fc69c0a7,
367b6449,
c8853a20,
4fc7de23,
92905875,
fc28d078,
72f48fed,
6a8941fd,
fd9e7f97,
a02dbd81,
19c5cf0b,
4aa548f1,
f5ee7b8f,
b3513d85,
342a87ad,
49f6a5bc,
ec12999b,
bab00279,
1938db55,
d7832ef9,
0a57b793,
0bc1ade2,
f3b45cf3,
c4e8298d,
5e2ecc45,
c985f9c4,
ee95bc32,
c9c95ebf,
f0e7c2ce,
956a9d99,
aa29639e,
ac0fb970,
1025d55b,
d054e058,
d3e91846,
84cdbd8b,
600ffbcf,
a5c1900b,
db11125c,
e2c263be,
3292d2b4,
77f5a3d7,
abf80cc0,
31c2f2be,
5d633e49,
e6d10b23,
4487597f,
21c39db6,
a2ca7c80,
e5410bff,
7ea073a1,
8ef54411,
0d6f907f,
841d095f,
090bfdef,
ab9ce811,
355328ee,
5159f0ce,
fd84e9f6,
55600b88,
93ee2c65,
bb593b87,
3eb9f223,
c6e6f049,
12979b38,
50caacda,
744b25d6,
fddd40a1,
c29e7718,
da62da15,
bc418a65,
bdf2f073,
1f8018aa,
28db872a,
90d62328,
ef718ecd,
bfd7503a,
07500270,
42ae2f8e,
399c570e,
c260031a,
34114e31,
42a51a58,
1c845241,
754eca96,
43c95de6,
366e0281,
7082be6f,
e0b04249,
a4840d38,
ece6a920,
e65853df,
916bfafe,
49587987,
c5af1911,
d21d3ac9,
ce6291f3,
167024b5,
1c7cad5c,
1991f797,
7c9eae03,
a41865df,
de675d07,
3f415271,
514acfa1,
9d2b9d2e,
291aaed7,
d4e3fb13,
343f286e,
505014a5,
67733a95,
0b86c812,
1ff026e3,
eb3cfc4b,
3fea9a6f,
16870bd0,
97080bf2,
6bb12e70,
1d12dc75,
c643bd36,
443dc1e1,
d1ad087b,
2e43015c,
a5beee09,
b1c60487,
24f4ad47,
32329428,
1412e033,
b2c4df03,
7fa2bc4a,
92730faf,
68949dd1,
7c1d4d03,
0d7c1b29,
2d2e0551,
13753d00,
0b13a98c,
c0339e14,
4825766b,
c006972f,
17a615b1,
fd4252db,
7d713959,
2e2a6d58,
5ced46cd,
b2c0e245,
cb336a48,
445e6414,
0f3096ac,
095ef935,
6ce224ca,
3e012ca7,
17eb0fb1,
fcd5efe8,
9956c582,
2207efdd,
0205a873,
ccfe928e,
92132194,
e96ef970,
6dd439cb,
d0c2bc4e,
5738188c,
4ffcd66e,
cfd735a9,
689d0049,
33abe255,
018d94a9,
92eae056,
707765ae,
ffb6ab53,
3a5cd92c,
4855fb1b,
341a01d4,
7a5ffcc9,
1ed4b7e1,
3900cb00,
e970c831,
f442d872,
ae90ea4a,
e7ba3359,
ac2fdff1,
9fdf6dcf,
b9bd3b89,
e67d5efc,
da956013,
4af22df5,
da92fdad,
fd2b6bcb,
7a0ebcb7,
705a43da,
4915b9ab,
acd63cab,
3f114572,
533d2437,
237a777f,
33d08ddd,
dda07eb0,
380eb953,
29b5ed23,
83ea97d9,
41dac5a7,
010b6e74,
8fd03772,
c5883574,
73f996e6,
b82efd33,
74174317,
8cf16f2d,
4e2880eb,
4a14288a,
344172ee,
c84544f2,
23a60624,
5f77431f,
c58796f6,
3d0ea843,
4c719302,
91791823,
b9f075b2,
170a499e,
f0faa08f,
3fcd3040,
14b4ad13,
f8f95ab9,
b462f7a5,
950046c9,
c4a8c9c3,
94af99e4,
51f8b606,
a0f4c3e3,
adba6956,
0883b5a3,
b6b067f7,
1a25aa45,
16f5233c,
789c3e74,
bbfbf648,
513051ae,
4d79ef60,
984dbb14,
7c7e2fc1,
f4675148,
0bfa1b9d,
96025cbc,
745d9dd9,
32d6ccb6,
fea6ba11,
707daea1,
1fc31667,
9d0852e4,
c88d716a,
014f38e3,
2cb59218,
e671c95a,
9ff0f8c5,
fe022863,
4c1a1b60,
6249bce5,
4d2bd2f8,
3e49f894,
46583d81,
0f0e0244,
64f875a3,
fa9f1684,
f095f8b4,
e7affba3,
1be16971,
49d7bace,
cf4481dc,
61ceab74,
76a2e621,
b33b6567,
01a93047,
6b878cc5,
4f294dbd,
5f0dbf2a,
9bba3ee8,
d15a5b59,
60f824bd,
17a8455f,
537a947b,
9726ce65,
2b8211ea,
70691705,
2c6c9b73,
c95538b7,
fdff75cd,
37705d56,
1db84e0d,
ba468199,
0cfb4a9c,
fa7584bd,
a40902ee,
6937b435,
ff635b80,
bcc4b491,
2ac3076b,
863d865d,
801cae51,
389adc41,
8f07fc08,
9e8e4f3c,
0af189b9,
b778bd50,
4b5f268f,
21d8a30e,
825ab46f,
a473213d,
474c7d71,
af0fe944,
4ef1a672,
4af2022f,
e7ac5f10,
aec634db,
5a4ec548,
d6f21ba9,
c0d030f2,
f68c45ed,
7a97e0aa,
cdad46c9,
612b88cb,
57613fa7,
fcccc614,
6e7b483a,
a7cd13a9,
1e54aa8a,
b93ad457,
eb25b2f7,
f992188f,
3c5e9e5a,
35d543a9,
763f7a77,
760bcfcb,
b8df6a15,
526abbcb,
ee66277f,
3b6a3666,
2acfb5ea,
9fe1885a,
eaf42d08,
ec4c5f48,
c432426b,
7155e78d,
e9db96cb,
aa1acf35,
dca9202b,
7dfb9487,
38284dd6,
720d0bec,
56c92d96,
04ccc86d,
ef2b16bb,
e3058f32,
5a94f16a,
3e0df1fa,
cccbb612,
308a6a8e,
ed652141,
49eb8c9e,
5060f1fb,
23e1d1df,
16d6654b,
3589b042,
ed9144ef,
496ea378,
f6a5f54c,
1d85a067,
0eb28fd2,
0af1751a,
cf4922b3,
bdc25fb4,
d2aeff9a,
be0fb046,
7d545800,
473e1678,
d24fbed9,
236f1713,
96cca67b,
7e760b84,
729a9be5,
bdeaabf9,
501024b0,
1c565267,
36ed7bf1,
238a9aec,
8f598406,
cde596e7,
b3c60c6b,
f4097842,
3b67143a,
1966f3b5,
97feb915,
d66a3408,
03688b45,
0671c623,
4f3c2c2a,
d2817e58,
aae4f0c2,
074f9d64,
d6a6f9cb,
51f6d71a,
baad3d86,
22bc9014,
74be187c,
af303241,
5b2ab364,
f5c9d1f5,
c2e513ff,
6cba03d1,
ef543e8e,
9e70c857,
d14aa4e8,
12a4dd70,
79f8f236,
8fd82436,
8a5d1880,
a623364a,
5de26808,
00d3bde9,
d5e4ad23,
073ee9f6,
0b896019,
6b997ff0,
53c95090,
a28c4872,
e15f79de,
60a2d25f,
2faa6867,
56e55526,
ad47aa5b,
c0765536,
3ced37f2,
4612162c,
cb2fa4c3,
b6ff5f18,
5bb134e7,
61fccbff,
d54b90cf,
0768e5c8,
d99a8beb,
f7a07c7e,
89865723,
2305c96f,
b92d2d32,
8f9979ea,
496cba2d,
7c988917,
b9f47ed1,
45015010,
6972132b,
5c4071b5,
6fc45b43,
0e6eb909,
1b569be9,
e021bf9b,
78911ebf,
e1824873,
66b3b897,
59325197,
f08b2ed6,
da4162d7,
e041b86e,
9f46fa14,
d2651670,
ad11a001,
ef34b710,
bb4bb72d,
49c0c6e5,
b3af2b12,
73aec267,
883a453a,
da2b581b,
a1aa2a69,
e67eccf7,
47b636a3,
8751566e,
43566575,
2804469f,
886fc989,
251f14c5,
5ed95b03,
c032e6f1,
891b9df7,
2de0aad1,
d6e828fc,
e9dd3855,
05f1a589,
710a2516,
75e1964c,
976ffc58,
6b3b166e,
f04b62d7,
66b257db,
2e806a83,
b18ae7e0,
cb11e979,
decb75f6,
743771fa,
57a42b4e,
1d8c528f,
c2b2564f,
5d290afc,
f371a8c7,
62af5b72,
45b364bc,
532305d0,
07263a8a,
bd2330c6,
357834c3,
3171533e,
6ed06895,
02bb600b,
7396a280,
4727b5ef,
d34fa385,
bd310c81,
2477c393,
7d2b7ca9,
a0fd1f6b,
d6ac8e88,
bef388d1,
13de2cbd,
79a1d5b2,
8e160394,
2f71f70c,
30735423,
5157cda4,
b10dae23,
1b93f3a1,
3ad10779,
e134b8ad,
e61c0563,
8e4d8ed6,
9f581204,
b07c3d21,
e8168f25,
3eb49e85,
e299b1ed,
9b06cd0d,
e83a89cb,
97c71ae8,
bb380d3f,
cce30e70,
33090f97,
fc7778c7,
5fe69b00,
75b0d8d7,
3336129b,
6c5bffa4,
aecec3fa,
0c9557f1,
09610fed,
7fc3fe8d,
395dd590,
9a1c76d0,
c757cc3f,
111a846c,
366820c4,
a794b139,
534abab3,
35d11c42,
a7dce494,
72fd575f,
2c8251e9,
340c45a9,
be6f2310,
b7a5e93c,
0a656e64,
73747265,
616d0a65,
6e646f62,
6a0a3130,
30332030,
206f626a,
0a3c3c20,
2f547970,
65202f4f,
626a5374,
6d202f4c,
656e6774,
68203435,
3939202f,
46696c74,
6572202f,
466c6174,
65446563,
6f646520,
2f4e2039,
31202f46,
69727374,
20393135,
203e3e0a,
73747265,
616d0a78,
9ced5c59,
731b3992,
7edf5f81,
c7ddd8b0,
705f1113,
1361cb92,
6fb72cd9,
ddb637fc,
40492589,
d314a926,
291ffbeb,
370f1489,
228b1225,
b963a637,
26a20d81,
282091f9,
e5810450,
d55aa92c,
94d04a2b,
11f08f16,
dae05f23,
bcc6bf56,
18edb0e2,
848dd4c3,
0b173256,
82082661,
258a98a9,
7312d97b,
acc0730d,
43b53240,
db689cc0,
400f4b03,
0d4ce04d,
c41a7409,
34d4c01c,
31213503,
04b2c399,
4c80b915,
5189c298,
40fd9230,
d653bf2c,
8ca3d9ac,
12c67be4,
da6a6182,
c339ac11,
2612150b,
1224ae39,
61323ff5,
c22a1e11,
84d54c25,
0a6b88b2,
4dc23a43,
4fb3b01e,
19524e09,
cbd23a0d,
40246a33,
c26687fc,
41617342,
cace0987,
e4a10638,
a9843cc3,
e4400e41,
74116a11,
d1704938,
98186b59,
3847f37a,
259c57d8,
0fa007d1,
b01f3009,
68e31cde,
0a172dce,
e1610ee6,
001877c9,
e21c1ee6,
c891c646,
e1097605,
44bd0a28,
b9cfa04d,
d26b50c2,
1bd202c0,
e9998300,
ba76919e,
5ae1bd46,
5e82133e,
38d451f0,
50230e80,
944fc455,
80395246,
ca218900,
a2632d8b,
10a80602,
8694716c,
d4226445,
3523a2d3,
54b322a9,
44350735,
eee745f2,
642f6062,
2945e42a,
4691ad47,
4e239855,
226b8c64,
3ec47422,
14d15c09,
643250a8,
82143a38,
7c96809c,
311ec927,
7864003c,
acc25813,
09b204fc,
5b433a45,
766c4844,
017e3b32,
4c850a75,
96aa1928,
3aefb003,
9aabd704,
70464376,
01d94180,
3c53c850,
f84c3264,
28001e04,
0a8b1015,
a28c2247,
454c225e,
d1124219,
668b3e85,
fff8dbdf,
c4dfffbe,
2ce5d5f9,
d9d5f4fc,
58fc8f90,
0783f9bc,
998e857c,
da7c1d9e,
3487cf9e,
882f6db7,
278359b3,
3f19cf85,
3c7cf7db,
e7bd77ff,
fdfacde1,
e47230de,
1d5ccdb4,
7a74d89c,
5f8f0653,
21f7c627,
93d3e1f8,
9c7151e2,
50c8fde1,
7436dfbd,
80a7605f,
12893c6d,
6627d3e1,
d57c3265,
74a8dbeb,
41e9051e,
2de4d1f5,
f1fcc755,
23e47b28,
35ffe1c1,
42fe363c,
9d5fcc18,
6e1cbac6,
e2bb972f,
0f1ebf07,
16df4cc6,
931b380c,
71954330,
cc750ef3,
1a87109c,
b6e4d0d6,
1cee4eae,
e1298c7d,
353c9d01,
e239677a,
aca9e4ae,
2c12cfc8,
4fbfa066,
a60d8cd4,
10ba9815,
9eec6070,
deccd6c5,
ffed97cf,
2f0e1fb7,
1ada207b,
d4abb283,
b5f7c8ae,
d6b4e3b6,
95ddf46b,
677fefd9,
c1e7c396,
bda7cde5,
f0612c82,
a7adb268,
b76551f7,
b3f871f7,
e0fdc12e,
1ad0607e,
71f4e3f2,
7832da64,
4331af32,
a9fa605c,
e3516d6d,
42aa9fc7,
c3a79f76,
0ff78b91,
6f6de0b0,
5ef57097,
d710345b,
7207d1f3,
0603d78c,
af66d3d6,
6cdb9a99,
d23ca9d1,
f733f2cf,
1f0f8ede,
7e581879,
dcd2827a,
4350d66b,
f2ab6de5,
8ffdda79,
7970f4e1,
cd41e583,
2fe683d1,
f0e45edc,
f97b07c8,
18fab97b,
f5f9ddab,
fdbd62df,
ccd9260b,
5a336fdf,
1bc4d3fd,
11f43759,
9061d331,
dcc930da,
8699b225,
6edafb59,
d0dbc3c7,
9ff69fb6,
2adad680,
20f1ea51,
91bdf70a,
115dbf8a,
765fbd7e,
fa611125,
c3b6dcf5,
1a9059e1,
0e7b6dc7,
9cdd107b,
76dffffa,
71e17ce9,
410b8cbb,
bf759b9b,
2cc7b2c9,
583619cb,
26e39829,
c772397f,
17cb599d,
c03165c7,
943d53f6,
651567ca,
3e3e6402,
cf940353,
0e4c3930,
e512d9c3,
9d5284d5,
098a8a8a,
968b2396,
8856d6b5,
d4139efd,
d61394f4,
a7e46925,
d34b4cb9,
04dddce3,
bddb4f50,
ba960cad,
4da75459,
76545977,
548f9eb7,
9f030cad,
9029e4db,
55ad5dd6,
da754df7,
68fb0ed3,
94055197,
155197d0,
a74becd3,
25f869d3,
a3f33b4c,
63db35b9,
902f7ea2,
8ba3e8e2,
29da3d48,
f3bab898,
2e3ea68b,
b7e8e22e,
baf88bf6,
3dfa0f5b,
adffbb4f,
9effd259,
c2fa43f8,
fa0a86f6,
d0b384ad,
2541d86d,
bb40d449,
d1d6a028,
c1407b5e,
247550e5,
af297f5d,
f91bee02,
c5da34a1,
902fdce8,
121e7559,
61744906,
7449d9ee,
8cf8c7a3,
57ef8e5e,
9684f3f5,
1c128627,
93d1e92d,
f9a60b7d,
317f2d5b,
d0dbae48,
6125df1c,
4da64757,
839346d0,
e11251dd,
fb3e7f76,
341fccb1,
4db5ca47,
2a38621f,
daf8c085,
dbe9a0a8,
38b0dce7,
43a9d0fe,
a203a976,
c2e5fe98,
8eb3a8cb,
c1747272,
d4cc69f3,
fc741f58,
6ebecf97,
7be6a798,
bf14a5cb,
8f9f3e8b,
6c763cf8,
45d26147,
7b23c6d7,
a3d14dbd,
2df5b626,
ece029d1,
76bd8df3,
3ba8f96e,
ef7be0f4,
a70353bc,
604b603a,
bd0b3030,
0a0cee2f,
20a9b993,
a4664d52,
efd58e03,
b7fd0b88,
eaee24aa,
5b1335ba,
b4936169,
daaeb70e,
7927c34e,
fa2f004c,
b8133061,
ddda9dda,
496b8ebd,
a9b78919,
82c62a8c,
0f06c6e2,
01a369cf,
f52c3d8b,
3f15a66d,
a3e5c345,
c1c35463,
fe3c51e2,
b6f1ede1,
e6fa53d8,
dd3648fd,
eb1b51dc,
3a080dcf,
ce1a4881,
4e1ada30,
5a219bef,
27a3c1a5,
907f5c4f,
e6cde9f1,
48c8f1f5,
e571339d,
0dcfc7b8,
959457cd,
f4047326,
39b884ea,
6c303e2d,
9da7c3f3,
0b68bec2,
946ad49c,
b5d5d20c,
890ef498,
fd0eada3,
eb999027,
93cbcb81,
90173fae,
2e9a3151,
1d4e80d2,
6c34985d,
08f9bfcd,
7422e464,
0ce9cffc,
1bd4e617,
d306ea67,
936b486d,
cf865fa1,
3e1b7e87,
a2f98aa3,
1b9e633c,
c40127a0,
9e313eba,
1c96eaa8,
99c18ccd,
1fd70310,
e77cda80,
96a6c874,
339b0ff1,
f900c63e,
86440f54,
8b00ca3d,
d08390cf,
847c2ee4,
0b215f42,
8609a99a,
906f847c,
2be42f80,
bb90ef84,
04808f00,
7e213f08,
f92b6468,
80b7909f,
203117f2,
783a38f9,
bd99130c,
b0bf6b7f,
3316b089,
90d7e353,
00ef6432,
6d0a7a8c,
1820720c,
12080950,
a0bcc02e,
6024e450,
c87f0809,
e08100a0,
1ce01940,
b982a142,
8224201c,
8cbd16f2,
ab90df84,
045c7e00,
8498df72,
06b9c84f,
41ebb0a9,
8654eadf,
ff6efff7,
a5c743f0,
e8af582e,
1b55b1d7,
d6a88247,
4b820d17,
d8103821,
980e242d,
603449a1,
d1248346,
931c1a4d,
0a6834b0,
6defd539,
edbc48e9,
b02d2b5a,
c75d37ab,
5d6bb7aa,
773a6dfc,
be49e54e,
b91dd32b,
10d23c3b,
439f827f,
23586397,
9e5f1cb7,
727f793a,
19e1e6d2,
a67f75ef,
8764b944,
b2d3c9b7,
71ebfb78,
b7f5e7fa,
fa023cfe,
d575fbf0,
e7b9ba6c,
c6a7045d,
73497f37,
d841d079,
278111ab,
1d5bca94,
fc8e2ba5,
c9b07382,
dd96db89,
78758d7d,
3694117a,
66e1a201,
ab2a2d21,
221dd8a9,
b9d2927d,
daa1bbe7,
007ff801,
4fc0a557,
66313d0f,
28ac543d,
9db63001,
97a54ff5,
d47a34ea,
42ed4676,
b7296bde,
b82cc228,
8d9051c9,
2d2c7cf4,
06fa14b1,
b5c6ba81,
dd18f8be,
c5b116b2,
d0d2d326,
6cf7b02d,
f5400165,
0c019f66,
802f973e,
85325128,
f5a47114,
29896729,
f3524937,
36754370,
79210443,
5b03d301,
9e8526c2,
458355bd,
a37d6aef,
58455050,
16785875,
6c4b557f,
eee3b423,
05e6851a,
eba72c10,
d7b9fc42,
d6893062,
cd2687c0,
194bbdf2,
034ba653,
9729a28c,
69a72df1,
7772962c,
3ba10a34,
290b3863,
1503ca36,
92cc1695,
453d9d36,
383e613d,
41ac8f0a,
d586efd2,
a0a5386e,
8e65384d,
60909960,
754b9efb,
50a9356c,
7053a729,
40e2d6f2,
8b5cba0e,
1eb534dc,
8284bdc2,
c9963576,
91e5f332,
8a5a8352,
a46f6cc9,
40dff3b8,
455f7eee,
1c4ae53c,
1a26d751,
3f26a290,
914aaf54,
55f35691,
73409b47,
9a513b72,
7fc630e1,
bc0e1d24,
a6809292,
dd389bd1,
d4812b04,
05ed3824,
052d3922,
fe49912b,
05033304,
674043f8,
2c7aeac7,
9605d602,
3c27ecc1,
fac8ce51,
28410e3c,
d10ae484,
362572c8,
6509c9ba,
e2c2690c,
54dea0fe,
1da80a64,
b744d1a8,
1d7c25cb,
637b424e,
1d5a0f84,
3540cf21,
cf4eebd2,
2f806f24,
b2afd4e2,
97c86f14,
cadc62a9,
b13d2418,
63035abc,
07cff3a5,
67d4e8cd,
3eea1dcf,
9ea0902b,
a790572e,
3d079b80,
edfcd47a,
449febfc,
f42165a1,
59953c57,
dd875ba2,
43db890a,
7d02f946,
ad801545,
44207843,
1662b195,
fad98446,
8f89550c,
2847009b,
3022e58a,
1251e5f1,
6506d003,
be1e8591,
a9ccc03d,
a9cc19e9,
d42d680f,
b6c58c74,
55a352cb,
c42d0ef2,
04fcb7fc,
55c62eda,
ea31d86a,
3cb9ae26,
7b27be6a,
5c889ed1,
0b8d59cb,
2b643b3a,
04b29780,
88b984f2,
903781cd,
47f24a5d,
4ae7d10a,
23add6e5,
292c40b9,
d4f9e943,
4aa65397,
3c175abc,
2f25b7e0,
72067e06,
5c4109a1,
2c509ca3,
37132986,
d0226802,
c52bc2de,
44f2105d,
2838f414,
816fb5f1,
f3429546,
973af827,
f4d21837,
78863227,
9599a242,
dde203fa,
5241c29a,
8534eb92,
710b5376,
149debba,
891e25ae,
fa94b1dc,
4ede58b0,
8986344c,
636b9ad4,
a7d55b2e,
9155779e,
b2445cff,
f2efcdd7,
3f75f306,
7b82cbe1,
18b61fb0,
0dbbbc1e,
cd8757a3,
1ff8668e,
3c194e4f,
46cdc9e4,
eac7748e,
efe8c8e3,
6b48e0e7,
02f754b8,
cdeb9e1c,
f02f7c09,
6c36bc1c,
d27e0808,
0ea6d3c9,
b792d963,
95737e0f,
bdc6cdf9,
00cf1978,
7393a165,
34391f9e,
0c46b879,
a2b7a08e,
81c6868c,
9d57d6cd,
eb6dac9e,
dc5cd222,
e7cbbfed,
876d4194,
8afed676,
be654bd5,
79f99b33,
3f2e7bbb,
1a7add13,
7bf21a41,
65a2159c,
4b3c1bf3,
de531e81,
25f72051,
0dad1e5c,
564cf26c,
98ef417c,
f18156f0,
80510b62,
17440a4a,
e3a2a61c,
313bcafa,
3012792a,
03d30906,
5fc4c55d,
8e518ab2,
7845597f,
4061b2a7,
44921875,
11072962,
0f0860f8,
f4c4022e,
9239f154,
14e26069,
842069dc,
42c88d65,
0599a374,
67bd6cd1,
af131e36,
250a4594,
2a795ad0,
b8c45d8b,
2d25f7b3,
8a9e569a,
5c58108d,
28f3780a,
9315c4d8,
2393bc78,
8d403174,
69c785a8,
a6ad134d,
86ddb9d6,
e957b1ed,
2b53a067,
15937dec,
6dfa67d6,
f860aabc,
fbe1b258,
09091817,
5b3bd3e6,
27d41ed8,
3e52a05c,
9656be1c,
291b2069,
a9252008,
9809d32f,
cc89c3a2,
16093286,
3d644719,
0fae203c,
2bbe554f,
1d8905ee,
448c98a4,
0a70545b,
11c8113b,
bea319aa,
976471a1,
4b6aed28,
c32ca914,
95f86e6f,
eee1a8b4,
c4b0e50d,
5df59461,
e27ae9bf,
b0c3aec5,
b56eda6f,
716183c5,
29a2e76b,
b7aeaccd,
5048d194,
8d56a098,
56bfff54,
5bab2378,
9fadc18c,
8a5d9f2d,
0da5e05d,
50c9a479,
77e055bb,
67a8e484,
602232db,
9d6f39e7,
b185ba6d,
cd22b4f4,
3dc35976,
abedcf62,
630bc096,
22d742b4,
36115a6d,
54f54a7b,
d4dad169,
af8dd5bd,
7db12e4c,
a0d1c67c,
ab90ea69,
bf8df9e5,
2af3ff35,
cbeacb68,
f06dd9ea,
f415dfcc,
5c395275,
a91ca782,
7ae930d5,
a7c51969,
ef6968d4,
cbd35058,
74ebd3d0,
fa10bb3e,
0d4d198f,
42d78fb2,
f1edb3c5,
a126be43,
b67eaad9,
7b92adf1,
5073433e,
64694fe1,
c8a25db1,
6b432727,
1492e8a9,
65a3e3dd,
073d7d48,
596852c9,
b3d4a537,
b8c32d2d,
c527d562,
6548748e,
109da61d,
16eeaa92,
d78b9e8e,
432fe732,
ce96d521,
7356a36d,
c9395c19,
5fe65864,
4b6506ee,
47a5d68a,
37a7cba6,
1096cc7b,
635660a9,
45e3adb3,
c7552553,
666178fd,
203fb3b4,
0239ce38,
788b4d21,
8cfa04cb,
cb398554,
479b43ce,
65b89d28,
703df028,
a69997d4,
b84cd62f,
c752c926,
ff7846f7,
8d218101,
ed0eae9e,
f3713fff,
bc184cf1,
2af43fe5,
63f944ee,
caa7724f,
eecb67f2,
b97c215f,
ca57f2b5,
7c23dfca,
5fe4817c,
270fe591,
7c2f3fc8,
5fe56ff2,
a3fc243f,
cb0198bf,
3c9627ec,
0f7c2721,
4f65c317,
0ae5485d,
9ec933f8,
6f48f70e,
f26c44b7,
10f25c5e,
144f9343,
f90ff9bb,
1cc94b39,
a62b0839,
c19b0b79,
b5bc0aa9,
6e428a5b,
ca3f2ab7,
955339e3,
ab0cbcd5,
e03b1039,
e74b0f74,
59792dbf,
ca6ff2bb,
fc419efc,
5ff87512,
43f2085f,
7595fba3,
c1f94c94,
cf769e3c,
997c87c0,
f0c83923,
1e19fc3e,
0a76bbf8,
a266408f,
c21efbc3,
51835fec,
2dafa8df,
0e2e9bdb,
3e4ae1f7,
0b1f8fcf,
6130bed7,
3e6f2e7f,
05daa67e,
49ad7ac3,
4d7e2c6a,
82e0dcde,
35173dba,
9c6b3d46,
30e85e3d,
b2165b1d,
1e54fafb,
b4aa39d4,
594723ad,
3e26a886,
827817ef,
f902d935,
54d52648,
73404861,
99f18abe,
88531d48,
e1b75ec5,
f4e62fc5,
7a31c560,
7a0ba456,
af401ad0,
0c6ad7b0,
5d48f7c0,
1918c2f7,
00dfa020,
d75afb19,
6057b6b6,
64cc23da,
f3027e88,
1ed966b1,
4844ebfb,
76e667d1,
fa7cf910,
13538bae,
f1f955a0,
6ef91ca3,
46ea112e,
198c15de,
f2fd5cac,
86db89a7,
8b741a56,
cb55e9b4,
8fabd2dd,
fca6ee06,
e1e2edbe,
b52e5cca,
5de1f25d,
62646f84,
6caf7917,
57b8603d,
d58d67e7,
8a732d94,
f27df132,
a2d2e564,
1b58e91c,
a5baa5bd,
7ba45d5e,
4d6f1574,
f1eab98d,
bce58ab6,
7bd9bdbc,
9ebd6778,
be4b80b6,
aa4413fa,
6c17df6d,
effa4858,
b5a2cd1f,
35f60692,
709f4042,
deb03990,
b4f6f302,
aca6b597,
36a02c17,
ceb3a2c1,
35f5f52c,
921b71ee,
41b80bac,
df04ac42,
60e9e363,
9b1058bf,
026c8f7b,
6efa90ae,
7fd54bb7,
03abeee4,
9800c576,
46e3b547,
a349f8c6,
7cec932d,
adcab6f1,
23aafec5,
c7feec98,
b30796f2,
16a249b1,
8c855d2c,
ac82ad01,
6d819db4,
df02eee0,
57200340,
845f8e07,
fc58ddb8,
1588f22a,
441bbf82,
eb8528de,
cbadb60b,
cbcfc9b1,
bae19883,
f1e02e51,
b7f2c38d,
aeb8cc90,
6e8f9bdb,
04c03b66,
a73e1425,
b9dc67c7,
ed37d755,
26b5e97b,
bb7e2585,
9fafa4bd,
85725035,
1faba857,
40ee0975,
1ba2dc7c,
b9666c8b,
572a8b85,
c5c0b68e,
d75ae6b9,
f1ebdb0d,
d986bf07,
6298f96c,
5e2d1617,
22d57d08,
de7494cb,
95cea54b,
e76a6579,
e5525d94,
f0cdcde2,
daa67ba9,
d25ec46c,
07a6c9e2,
510e98bd,
693c215b,
85d2ac42,
79dba7f0,
1b1075f7,
484e1d1a,
6e85a832,
1d4469d7,
b3390a9c,
9209b6be,
3d4143db,
665be321,
9bb51a5f,
b7c0c307,
bfbaa959,
c3e3c6ff,
b7c4cf4b,
454cd7b8,
8cea42b1,
baf7ebdd,
f475772f,
cb776ee5,
b7da540c,
24609bb0,
71808dc2,
23547cb5,
c7e6155b,
b16bb6b2,
e10bb19f,
b6dafaee,
ee997f3e,
f414e441,
39fe22b9,
afd2f995,
14b0dd5d,
ae65f265,
a379f774,
1eb1584b,
ebf975ee,
454a7f53,
365f5e0d,
bf775e6f,
f07f0f71,
b33bf1ff,
0447af9c,
bbe4b573,
978dff17,
8b87b9d2,
ff0154cb,
c3ff0a65,
6e647374,
7265616d,
0a656e64,
6f626a0a,
31303034,
2030206f,
626a0a3c,
3c202f54,
79706520,
2f4f626a,
53746d20,
2f4c656e,
67746820,
31393534,
202f4669,
6c746572,
202f466c,
61746544,
65636f64,
65202f4e,
20313030,
202f4669,
72737420,
39383520,
3e3e0a73,
74726561,
6d0a789c,
a55ad1aa,
65b70d7d,
ef57f807,
cad89265,
d91002a5,
d09796b6,
94be953c,
047a2903,
212d3337,
a5fdfbca,
def699a3,
25766ee7,
e665e273,
f7f692a5,
a5256fcb,
2925e794,
5329b9a4,
d6e67f29,
95dee780,
130d9983,
9ab89539,
905449e7,
a025a963,
0e34b5b2,
dee9a9f5,
f5ce48ba,
a6979c3a,
cf774a49,
634d2f86,
9cdb7ac6,
f60fd739,
b27f284f,
fb1386f3,
442fb60c,
d6f94ab1,
9ff502b1,
6972a1d8,
cfb650c8,
a6e94221,
7bd0170a,
998db150,
c800c642,
a19a282f,
14924465,
a1504b44,
178a26e2,
b29ef644,
f5421989,
64a170b6,
d142e192,
a8c9b4c6,
9448797a,
cd16a29e,
cbe50c0d,
5aef49e2,
cc13859b,
8dc68c29,
6be2a20b,
af272699,
766d41cc,
6b553527,
aed39952,
4b625978,
956cd469,
8ed8a2df,
2672351e,
94d60cb3,
d165bd67,
36c60c53,
a966638c,
895c7baa,
b9cd951a,
47b5e87c,
4fb25137,
83536c5a,
e53a9f0a,
a55a178a,
70b2c144,
3107ab2c,
1431b2db,
429196aa,
d6e9af68,
aabdac19,
6663f05c,
958c24b9,
cebfb59c,
a4aca859,
88e54aa2,
4649a8cd,
359b0b62,
cecd51b5,
ece13543,
92c84c0b,
63d44663,
e2354dd2,
74da357a,
4465da35,
00e93c23,
a966e3f2,
d7dc92cb,
5fa5d42e,
7f8da856,
d64a0da0,
914c6495,
d4b8acf7,
9a8dc65c,
8b51d16a,
9f6b51cb,
5ba90b79,
58fecb5c,
813d68ba,
32c232ba,
759a4f8d,
8ad6c7c4,
eb66e3ca,
ab5e93e6,
95115d92,
969511bd,
25a5c560,
d7a49cd7,
d39eb4ae,
b8741387,
85c84623,
276d4b06,
a324d599,
f2c5e0b5,
2fbb1608,
1d8bad51,
53cf3491,
4d8afdb2,
6129d569,
7939d434,
b6226481,
e85516ca,
485d987e,
f5cd37e9,
c36f4c5c,
967139fd,
257df8f3,
f79f5e7e,
7c351519,
7fd71f3e,
bdfc7bfe,
e4ebe75f,
3fbefef0,
32df1feb,
f7b7df3e,
106abede,
f8ed3f7f,
32805f73,
faf0bb8f,
9f3ebf5e,
b5623df9,
c3f7d7cf,
6dea8f2f,
ff79bd2a,
80b33c97,
f664b99e,
9fc7722d,
c13239cb,
f46499bd,
e5ea2c5b,
a1f29673,
01531c4c,
01424504,
02040908,
ed66cae5,
ee63c90f,
040d08fd,
d6dde6dd,
55bfd87e,
e3eeb18c,
6b0f144b,
f6808a80,
e2112450,
257433e5,
aca10142,
6040aaf3,
be3c793f,
bcf7e30d,
7771b181,
2a095475,
9812b891,
5b6e8e9e,
f6ea8a4f,
a482a1f4,
22089929,
819b966f,
2d7bf91d,
251fcb98,
c2478fc7,
540b2436,
f2088c08,
b0d81648,
6cc1a8e7,
a6402ab6,
c04d6bb7,
ee8a7717,
497cd49b,
6d0a171b,
386d50af,
02600584,
c08d6289,
7b047daf,
01525143,
c8f5b6c4,
95eedca5,
e2164b18,
68c82b24,
5b03555a,
6f2d7bbd,
912f0e67,
215f7c56,
301538d5,
e61142d4,
407e1aa8,
522c7167,
ca7117f6,
120d54f5,
5b199197,
1185ac57,
6f0a16db,
03a7ddcb,
28001264,
660fdc74,
6497bc8c,
0864d443,
c8bb97d1,
d3a64d5e,
46e445c0,
b858cc2b,
20bb07aa,
baaf944f,
759cfc2e,
46901558,
2909e4d7,
03a70313,
89406f23,
7033801b,
cc2bf202,
0e8081aa,
e165549f,
dcf53262,
dc21d114,
4476044e,
870f1807,
ef213347,
e06600d9,
2865f2aa,
2250d540,
0638fbda,
107df480,
ecab1267,
e487f35b,
08051090,
10ce9e90,
a7cce7ea,
08a93e18,
f2f39fab,
988e9c91,
1fce5e73,
e3c9b2d7,
5cf53b75,
45b53383,
292492e1,
539b71eb,
625c6c60,
ae0073a8,
3ef6d9c9,
5e085c02,
73c52b0b,
cf1d01b0,
01602012,
bea4183f,
fb105001,
30f053bc,
7e2a128e,
801d0003,
0bc5b350,
514e0838,
00309002,
5b6d4531,
00600539,
5120853c,
2915ab3b,
0282ba28,
9012be3b,
10810021,
b040b73b,
530595f8,
534e0d09,
c53eba90,
f214e882,
ad2e1cd8,
2a22047e,
18f841d1,
54080688,
86033fa1,
602202a8,
8403217c,
7b6caa7e,
ffa9413f,
3e7ee83d,
07e64295,
a9a0100e,
21e77e47,
b6f86393,
786dca1b,
c726ac90,
a16bc1f7,
5d0bf1df,
7be2cb8c,
60ef4040,
64a14dc1,
d58b4c50,
6402aa0a,
dd0786ee,
83a0c8c4,
7ffe0988,
2c342338,
e4362240,
fc423382,
71770c80,
feb4157c,
0c8484fd,
1511402c,
a1c7c042,
b794fab3,
92fafd35,
1c1e2099,
90e1d09b,
60ec4d3c,
9bf62a53,
7f4c53d4,
b7c02e15,
9a130c4a,
68216c20,
bad0ab60,
f1d435dc,
96c47f52,
096c4ba1,
05c1cd97,
bd169cf2,
800de219,
1a0d0c8d,
86161403,
80905ca1,
efc0cd0b,
28b42110,
100414da,
10dc8085,
50150010,
f4149a0d,
0ccd8616,
f4048050,
8d43ef81,
1548c18a,
898020af,
d08a6005,
52503508,
085b53e8,
30b00229,
b8012120,
4823f411,
18fa08a1,
fb8280a0,
94d05660,
f5a4e81b,
4a69a094,
d065e0fe,
c69214a4,
119a070c,
cd030dd2,
f0dd08ac,
06a197c0,
fdf680aa,
fe3ca421,
83bc2905,
d184a603,
77e00745,
a3a092d0,
3ce00e84,
a04ad47f,
b328a824,
b4087878,
95041f11,
1054121a,
083cb0f8,
2102c822,
740c183a,
06f44488,
df4b4232,
e1be0582,
091d0386,
8e410054,
c89ed031,
e0e13fe0,
e4cb62bb,
ff80eb81,
6cc87cd0,
4ee825d4,
ec33bf63,
a0bbd74e,
0d47ff0a,
d7401db5,
d3fd1747,
2f0088f1,
ab19e287,
db0a0212,
0062382b,
9cdb43d0,
10900130,
042d5cb2,
21825748,
f5e7f68b,
d5963efc,
fee3df3f,
a7bfa533,
fb7872a6,
97adecb2,
f559b6ac,
be7b4ece,
93f8fffd,
d7cbfcf3,
3f5e3edf,
9ad9222a,
5b0a676e,
d9d946bb,
ad443b25,
de698676,
3ed0a691,
76f46907,
8d76cb82,
76a7e1bd,
66765f81,
763b80f6,
299ef6e1,
9bf69999,
f6c9d799,
d1ffdfcc,
3ebed23e,
84d23e3b,
d23e01d2,
3e9e9d1b,
dff79ad9,
07a773f9,
7a6e46cf,
fde6b9a5,
3c7786ef,
35b33fe6,
cfb5dfb9,
933b176d,
e7daebdc,
49bdd7cc,
fe8e3ad7,
4ae7cee7,
dcdc9cfb,
97731bf2,
5566f829,
a3f3ce21,
1b8c3dd8,
cd131be8,
19f43318,
d15aff1a,
6b3b076c,
50ce80ce,
e098e5b3,
a27d92ff,
05d6da41,
3a0eecf3,
76791486,
b2f7f272,
4ac4d759,
cb5fac95,
7eb07791,
59ff8fc4,
1ed019f0,
d71b990d,
bd2f564e,
e9297bd7,
7c48fe41,
fc773f8b,
f5d808eb,
f06d2b75,
ebf8d34f,
af3f7cfc,
f19afe3f,
e3fba4b8,
0a656e64,
73747265,
616d0a65,
6e646f62,
6a0a3130,
30352030,
206f626a,
0a3c3c20,
2f547970,
65202f4f,
626a5374,
6d202f4c,
656e6774,
68203130,
3734202f,
46696c74,
6572202f,
466c6174,
65446563,
6f646520,
2f4e2031,
3030202f,
46697273,
74203935,
39203e3e,
0a737472,
65616d0a,
789c9d56,
5d4fdb58,
107de757,
cc23acd4,
e2fb695b,
aa2a01cb,
56d96557,
08287de9,
8b492e60,
6d6247b6,
b3abfefb,
9e1927b0,
ebebe0b4,
424ac6cc,
c7393367,
ee75944e,
124a48e9,
449149f9,
5b93cbf8,
db50eef8,
db9252e2,
c093158f,
27e53d1b,
f8772eae,
8cb4b26c,
e4a42d1b,
2a21ed72,
3614e95c,
b1a1c924,
0ca40c19,
a3d9b064,
fa604726,
93184f96,
ab6b005a,
6bd8c8c8,
7aa99393,
13974ec8,
49ba56e4,
c4a5c158,
a86a43be,
7759f24e,
0c473e93,
184fa962,
749d526a,
c595512a,
0c754ea9,
30340965,
460c4599,
e74e512c,
93ca06c3,
d0dca9b1,
945ba661,
1ce51933,
34784a14,
17e2f125,
4e9c484e,
a4230387,
525ccb02,
5d39a660,
e1509958,
ba1f152c,
b37b9489,
38ceb58c,
9c492e8a,
1a19b005,
86e9bd70,
9894d12c,
306cc271,
5cde8a58,
1c629d94,
d22c1b63,
3860b8de,
0b87d30c,
e980e1f8,
43337197,
8a171f5e,
d078113c,
d3152d7d,
ca964729,
9fb3d7e3,
31d5ccc0,
0323355c,
c5a3689a,
721f1e21,
99b0f270,
64d20c6f,
4d963217,
cfab9348,
1c427225,
958191cb,
8671489e,
310620b1,
91ec4551,
ec22a3a5,
0696749e,
5aec9d54,
491d2c23,
199e7791,
7b4333ba,
9f738afd,
e4e58285,
05954168,
38343b60,
01c3880a,
99668bb5,
84b49098,
3340032a,
3246060c,
abc50b0c,
2bcb9301,
c3ca8641,
28cc9a99,
e2117365,
8c9c4f41,
ca9d63c1,
302fae82,
52981233,
cd81e1e5,
20619ce8,
991960db,
d09fc401,
23150571,
c474bfa1,
79c616a3,
e1031cfd,
d1870f74,
fa2b1db7,
9b8736cc,
bbb2aede,
27f85327,
747a4ba7,
9feabb9a,
3e7e3c3a,
be6eea75,
5386ae68,
bed15f75,
57cec3c9,
9e4c3dc8,
bc09cb50,
b48166d5,
63ddac0a,
8e7b4ded,
f37e89e0,
aecab6a3,
fa917e2b,
9f364d68,
e38421ca,
2ee1ae78,
58fe277e,
fe5cacbb,
d044f567,
55d7d48b,
cd7c8ccd,
7b1585df,
cc6e2fde,
dd8f04c6,
cd3e8148,
68dab1e9,
203caa7c,
db15f3bf,
e9ba2e2b,
64d12e7d,
5ff610ee,
d3b27e28,
9607a79b,
41fadd73,
138ac5c1,
e9366ab6,
db34159d,
2d1690a8,
9d4c7783,
f4b3e669,
b30a5537,
99e887b4,
c36a5d37,
bc8971e6,
4bdab0d7,
eba6fca7,
5c86a740,
ab7a1146,
1286dd5d,
d4bc234b,
2aaa0541,
a56ef3da,
614b5f8f,
2f6e6fda,
af27e394,
6d2433a2,
b1cb6189,
52eb302f,
1fcbb91c,
8468b191,
3c1c13a7,
ceaab66b,
fa6dddb3,
592eded9,
2d59eaea,
17e2541e,
5068b864,
b3d52a2c,
caa20b07,
d118cefd,
cf62fe5c,
56ff3bfe,
149f92dd,
398d8e75,
8dfdec15,
a89bb087,
fe163d3e,
5c37f764,
f46c8ca9,
1e39e48c,
f5aec799,
6a548f1c,
fdd7314d,
b08cee8c,
7bf2760f,
cbb8a71f,
6219835d,
7df93c42,
293a2c6d,
d82cea03,
00cc283f,
5af7f9a3,
83d8493d,
c43c2fbb,
7fcb765f,
575bc418,
6fbfc666,
ec221f3b,
14536d9a,
9f57dbfc,
80da666c,
837f8e6f,
acfb04df,
9d28c34b,
f0ac29bb,
e755c0fb,
fe6d5de2,
1b6fbf2e,
f6505da6,
2e2bfba6,
2e137c0f,
d7c51eaa,
cb34dfb7,
74f95237,
8b71d23b,
71a237c3,
f60d75d7,
1455fbb8,
7731b6e8,
f11be21c,
79f3e7c9,
7572237a,
bd7941bc,
e40d9bfd,
5ccdeb6a,
51b217bf,
5a7edfac,
d6531586,
97c4ed37,
4c7a7500,
e5f8a2b8,
bc38bbba,
da173c64,
7a797e73,
79f6c7c9,
d177a5f7,
fe5f0a65,
6e647374,
7265616d,
0a656e64,
6f626a0a,
31303036,
2030206f,
626a0a3c,
3c202f54,
79706520,
2f4f626a,
53746d20,
2f4c656e,
67746820,
31313736,
202f4669,
6c746572,
202f466c,
61746544,
65636f64,
65202f4e,
20313030,
202f4669,
72737420,
39353920,
3e3e0a73,
74726561,
6d0a789c,
9d564d6f,
db480cbd,
e757f0b6,
cd6115cd,
8ce64340,
51c0719c,
ae802636,
6c777791,
9b624fbc,
daca9257,
92dbf4df,
97a4bb49,
319292a2,
1799d690,
8f8f8f1c,
da42c531,
c420542c,
4059fa94,
9028fa54,
e0f87d02,
ced0a706,
21d8a087,
2603dd0d,
87381027,
df14a4a0,
37220699,
a4640890,
1c2e2428,
c96f1428,
c36f1248,
30191a1a,
33f29181,
c4f29105,
2d888470,
a0134216,
29684bc8,
32069db2,
21c0a884,
0c094613,
1fa9c0a4,
042813b0,
cc526ab0,
5c8c3460,
0d1f59b0,
29473970,
5c0e9272,
9a7c540c,
ced19112,
90223a1a,
1252c586,
82d43832,
12482de5,
22016212,
40290489,
993ec917,
337f85be,
f1090b0f,
84208bca,
10922212,
84149a22,
12a4242c,
01134b29,
08394167,
a9886b82,
5fa5613f,
04958e2d,
7baa062d,
0ae3ba59,
6847071a,
7324317d,
d59823a1,
444a2354,
62a840aa,
3249d9c2,
1c9aab27,
007d82c2,
afda92d6,
9afacab5,
693c30cc,
8ae81a82,
52065d0c,
3d944178,
c3bd2069,
2d475022,
4b252883,
0f4b3494,
4100eb28,
07f5dda6,
9497e6c6,
29e242ba,
3a6e1295,
ea788e88,
864b29d6,
e2239514,
6b31474a,
c49545e7,
f4749a80,
8c63b634,
5adc056c,
808c5926,
9c17193b,
628f12cb,
98db6e69,
42595d4c,
2405cf96,
1334b594,
c3499092,
3bee145a,
ac1ab651,
4ac716e6,
50ac064e,
b464c148,
76a95853,
2c509ee6,
191b254f,
039dd235,
e0f6205d,
99f045c0,
09c5abc1,
16e6d0ac,
0152939a,
bb95620e,
6dd9c21c,
862f014a,
2c0d0d83,
4a318739,
9d620e1b,
abb3b76f,
e1e20ade,
b4c7fbd6,
6fbaa2ae,
221da948,
9dc3c50a,
2eded7eb,
1adebd3b,
7bf3d775,
763ee29a,
04aeb7f3,
c593ebe6,
9ffcd0f9,
263281cf,
bac90fbf,
b55054b0,
cc56d3df,
ff7cc6fe,
0e6c2211,
84cc1e37,
fe4067ed,
1011f4ef,
456465e9,
77790959,
d576cd91,
fde00965,
0c448620,
3f044fb6,
dbc6b72d,
dc146d5e,
16bbca6f,
5fc70b85,
fc50e7db,
5f020a65,
5e7575e3,
7f0949bf,
54e26643,
70d7f9b1,
ecc6e2c3,
669e4afa,
89403b5c,
c24f44ba,
20f2b2f1,
f92758d4,
45351a92,
86f3537d,
2e9abada,
fbaa8369,
5e960323,
17f6fe8f,
bcda9645,
b583d766,
4f8e4f2b,
3c812cfd,
ae68f132,
8c6284e9,
6f56ebc9,
fae36acc,
3d9cac9b,
e56c3d50,
54e8f6b1,
da22870e,
5911a955,
976f3e0d,
ddc31f73,
a95e791c,
d6bbe561,
7fb30adf,
36c743d7,
f678d91e,
e4bad8fb,
0686429e,
a9d8815b,
beef30f0,
49dcb1a8,
505b8eda,
ec0faf06,
86f20534,
e1a1acbf,
000ad074,
03358659,
678f1856,
f14a7a41,
9930e5aa,
7ee8bee4,
785306a2,
fe973ebc,
2093b6f5,
fbfb12a9,
5e150d21,
7ff6fd54,
ae27e6fc,
fe5f3c83,
eba2f4f0,
dd6b4818,
37d08768,
3dfb7b3d,
e61c0a11,
5d4dd693,
31e7b0fe,
68397fc9,
3d5c8cd1,
e56af0ce,
b881d517,
4de73737,
63cee19e,
63e7f9ed,
987b38fd,
d16a365d,
67e3fe61,
cb70856f,
7c59e695,
af8fb80e,
8fd56674,
e3b881fd,
16cd172f,
651371e8,
7f9d7d98,
8d7af7ba,
9b5dcd6e,
47db2b7a,
fd5d6577,
e3e06183,
9f47141e,
6a9c58ff,
5054052f,
4fdc52b8,
7c0f75d3,
d1b2aa1f,
a0fdbabf,
afcba151,
0e294ce8,
e7f0b4ed,
ebaa6bea,
fec277bd,
491bba35,
4c69b62f,
3aa67095,
77f9705d,
fd25194d,
56d3ec6e,
ccbb2fd9,
7a99ddbe,
1f73ef5d,
8aec767a,
998db4bb,
ffa72cba,
9b2de7bd,
add1fb8d,
7cccf707,
bcfa8ba6,
de35f9be,
65fd174d,
8eb81b0f,
fed1379b,
a21d5824,
69ffbfd7,
9e9a96a3,
fa8bc637,
febf63d1,
16dd6064,
af6fa71e,
7c850f79,
b53be63b,
0f21abf3,
b36f9b1a,
c9440a65,
6e647374,
7265616d,
0a656e64,
6f626a0a,
31303037,
2030206f,
626a0a3c,
3c202f54,
79706520,
2f4f626a,
53746d20,
2f4c656e,
67746820,
32343433,
202f4669,
6c746572,
202f466c,
61746544,
65636f64,
65202f4e,
20393520,
2f466972,
73742039,
3433203e,
3e0a7374,
7265616d,
0a789ccd,
5b5d8f5b,
b7117def,
afe0a35d,
a05c7286,
33248120,
686ac7a9,
8100356c,
1768bbf0,
83bc566c,
21bb9221,
691be7df,
f70cafb4,
5f8683d5,
251f8a85,
a57baf48,
dec3e1f0,
f0cc908e,
2904175c,
4c21ba94,
ec9b5c29,
f6cd2e92,
d8059e4a,
fb057735,
da853a8a,
d92eb2a3,
e9a7e238,
b35d5497,
a235870f,
b126528c,
4e527b42,
4e84ec82,
9d14ab1e,
93cbd9aa,
4771752a,
acaea66a,
17d9d56a,
6f8fc012,
d900453c,
8fc51a20,
34c7d190,
103e58ac,
1ce10709,
568ed090,
6afb156d,
97606fb2,
8ed4f672,
02f650db,
3380a7d4,
ea1647dc,
7a46d53a,
64903838,
d2568ea3,
a322d603,
26c7a1e1,
64761cdb,
7b3939e6,
f65e16c7,
49d4aed4,
b14ee532,
ec323d83,
856a682d,
c344a1d5,
8559d017,
ab9b607c,
16eb7822,
9726c325,
7649db7b,
012895e9,
99b8545b,
7b499dc4,
d65eca4e,
480c692a,
3075b33e,
6c2822d6,
321a90dc,
6c251888,
d2eac210,
1a5a5d61,
a7b1d5c5,
302ab7ba,
80a669aa,
ab0e866c,
cfb2d3ac,
86003f68,
0dad95ea,
726836d5,
e0329977,
24983d33,
5bcb4ab8,
cad60aaa,
656143a0,
186fcdd6,
4b15970b,
b7baea72,
2dad6e76,
25b2bd4d,
8b2b34d5,
adaea456,
370757a4,
d5cdd195,
4c86399b,
ab16ab01,
df830319,
3ef8538d,
c5f06538,
1573ab61,
5ed53c27,
c3adb4bd,
03cdd73c,
3dab7035,
3604d654,
08cd350b,
de19a8f9,
ad150a5c,
adf1828f,
20c95a2f,
e864d06a,
200d7d98,
3cc45e8c,
26ac596b,
26c6e969,
f3e13680,
c59c78f2,
928a9fa2,
b6e137df,
8b939f54,
d48d3518,
6c7b25cc,
6ad6acf8,
200af4a7,
efbe7367,
cfddb98b,
98b3afdd,
d9bffefd,
1f74d20b,
7c2517f1,
110ebbbe,
bebc74ef,
dcf7dfdf,
94e54797,
7db2bb7e,
bf5b5eec,
579bb5af,
9e7c7cea,
cedeb8b3,
9f366f37,
56e8c9f3,
c57ee1de,
6e17ebdd,
2fcbad7b,
b9deedb7,
d7adf4ee,
e9375aa0,
072dfcb0,
5ded3f5d,
2df7ab8b,
4755e707,
d57fde7c,
5c5d2c2e,
dd3f3e2f,
b78b56d3,
fdc5bdbc,
bcbc4653,
b85f7f74,
ff5d6c57,
9beb9dbb,
3c94dcdc,
96fc0daf,
76ababab,
e587d562,
bf44c9cb,
ebe5ce2d,
d61fdcfb,
e5feb7e5,
72ed2e36,
ebfd72bd,
dfb9cd2f,
6ebbfcb8,
daed97db,
6f624b0f,
b03ddbac,
3facecd7,
3fc47771,
a7d41d6c,
b310c803,
043f7e59,
6e2f56bb,
e54d8573,
78769d46,
ffc56a8f,
91be5bdc,
8afce0ec,
130ffff9,
faa53b7b,
fbfbe725,
9eb5174c,
8f9eec3e,
2d7eddaf,
dcf987cd,
fe9d5bad,
f657eefc,
afefdcc7,
abc5eaf2,
f0f06273,
f514cdb9,
b3bf6db6,
1fe015e7,
2eb43fbc,
ec59bb81,
6fdbcddf,
dd195ef1,
1af0f194,
52f211dc,
91b2cf60,
46ac1f9e,
3077247b,
630ac379,
fd7edfd0,
fcbc5aff,
7a836cbd,
deec8fd0,
9f6d2e37,
db379f17,
174bccbe,
78980f3f,
7ed9fff4,
666fa38b,
5978ec39,
4cdabaf9,
02ec8ea2,
74786cb4,
12e23439,
0cffabc5,
1ec65edb,
c3301579,
b5dd5cbc,
591adeb3,
57cf5f00,
c5f2cbfe,
fed4ba31,
6f9b5cd4,
265789da,
faf6f544,
bc5ffa8f,
a6e29cce,
652b2ac7,
ceb5bb7c,
b893d655,
edea6a7c,
6447bba1,
8f00cb8f,
043bf9ff,
fd9915f0,
779ff8be,
e5dbf178,
73cfb7c1,
f4deb412,
d66e4f58,
98a0317c,
c17288a5,
d4072c7c,
8ff2ee6f,
01a311c0,
38035082,
d2899eab,
adf6ea33,
d4d589c0,
26547fee,
b2551b1c,
688b18bd,
9ad293e2,
b1d83925,
507f998d,
a8c74807,
445240b0,
b6d00ba6,
291480d4,
e2b1549f,
06e8e2d3,
e2335c77,
84854493,
af36a9f1,
9db33125,
e3fb9154,
f9d0423e,
f63978c8,
de248bc0,
c1c5a48b,
aa2fa62e,
a57a53a3,
733175f9,
f6111327,
dfe4788e,
be421f0a,
26dfc956,
ba9d72f1,
2b11346f,
ca49acbe,
820348c9,
07084ec1,
f30c65d7,
056c0417,
4810cc3c,
01b0ec23,
e220014d,
a6931dfd,
01301e00,
0c83e911,
80591006,
e74a000a,
cbc1825d,
c0d20860,
597d458c,
49f03045,
3409a10f,
f6d43e60,
3202187c,
4b10e080,
b67cad00,
068ae093,
67e37d5c,
3a025782,
b8b3201a,
cb4d4478,
86c0d107,
18702e4d,
7479d781,
2610c0fb,
62715bcd,
9ec9321f,
c96b9e4f,
5d5d8e75,
c4148bb7,
4898a00c,
113a0363,
f0b58b22,
d210eec2,
3f28546a,
0e6ff852,
94f63dd7,
565dbe7e,
b0156359,
cc88c609,
f78a6530,
054c463e,
5930dc35,
960c3116,
831df009,
9359d686,
c10d18ce,
3e582368,
9e211b02,
ec462a3e,
07064c82,
6f759196,
0ca17946,
0458b0de,
10f49510,
eea1004f,
85759459,
03641f13,
068ed581,
afbc25bd,
187282e6,
d242a774,
38ba3ab4,
b1a583c0,
ee150cc5,
a6245247,
1441bdea,
ef307254,
1135c0c7,
4d399070,
f379a91d,
53907a25,
e0115881,
0241444d,
f0f962f1,
97290999,
bbde74ca,
acc32092,
227cb0c0,
f6308a64,
2222742c,
ce344898,
c2302004,
b9194513,
a8a21d8a,
99060953,
e2ea5b46,
1c141ae1,
ff642a22,
ce5d753a,
35e97114,
c10e9631,
22acd4b9,
1a4b4045,
68875806,
ac31a318,
00c8f62e,
20f910cd,
0360059b;
